Timestamp,lat,lon,alt,True,Predicted,MAE,RMSE
2024-11-26 15:19:47,52.6080943,1.5426581,30000.0,-61.0,[-63.416016],2.416015625,2.416015625
2024-11-26 15:19:48,52.6080814,1.5427006,30100.0,-61.0,[-63.149784],2.1497840881347656,2.1497840881347656
2024-11-26 15:19:49,52.6080662,1.5427547,30100.0,-61.0,[-63.184574],2.1845741271972656,2.1845741271972656
2024-11-26 15:19:50,52.6080426,1.5428237,30100.0,-61.0,[-66.988174],5.9881744384765625,5.9881744384765625
2024-11-26 15:19:50,52.6080426,1.5428237,30100.0,-61.0,[-66.988174],5.9881744384765625,5.9881744384765625
2024-11-26 15:19:51,52.6080273,1.5428612,30100.0,-61.0,[-67.35564],6.3556365966796875,6.3556365966796875
2024-11-26 15:19:52,52.6080091,1.5429091,30100.0,-61.0,[-67.32949],6.329490661621094,6.329490661621094
2024-11-26 15:19:53,52.6079964,1.5429512,30200.0,-61.0,[-68.205574],7.205574035644531,7.205574035644531
2024-11-26 15:19:54,52.6079743,1.5430258,30200.0,-61.0,[-68.33133],7.331329345703125,7.331329345703125
2024-11-26 15:19:55,52.6079575,1.5430767,30100.0,-61.0,[-69.537346],8.537345886230469,8.537345886230469
2024-11-26 15:19:56,52.6079444,1.5431181,30100.0,-61.0,[-69.58863],8.588630676269531,8.588630676269531
2024-11-26 15:19:56,52.6079444,1.5431181,30100.0,-61.0,[-69.58863],8.588630676269531,8.588630676269531
2024-11-26 15:19:57,52.6079285,1.5431712,30200.0,-61.0,[-70.524086],9.524085998535156,9.524085998535156
2024-11-26 15:19:58,52.6079069,1.5432463,30200.0,-61.0,[-70.607155],9.607154846191406,9.607154846191406
2024-11-26 15:19:59,52.6078938,1.5432882,30200.0,-61.0,[-70.64989],9.649887084960938,9.649887084960938
2024-11-26 15:20:00,52.6078765,1.5433407,30300.0,-63.0,[-71.2693],8.269302368164062,8.269302368164062
2024-11-26 15:20:01,52.6078621,1.5433829,30300.0,-63.0,[-71.26584],8.265838623046875,8.265838623046875
2024-11-26 15:20:01,52.6078621,1.5433829,30300.0,-63.0,[-71.26584],8.265838623046875,8.265838623046875
2024-11-26 15:20:02,52.6078444,1.5434359,30300.0,-63.0,[-71.53001],8.530006408691406,8.530006408691406
2024-11-26 15:20:03,52.6078278,1.5434881,30300.0,-63.0,[-71.30503],8.305030822753906,8.305030822753906
2024-11-26 15:20:04,52.6078081,1.5435484,30300.0,-63.0,[-70.97505],7.9750518798828125,7.9750518798828125
2024-11-26 15:20:05,52.6077921,1.5435974,30300.0,-63.0,[-70.461494],7.461494445800781,7.461494445800781
2024-11-26 15:20:06,52.6077855,1.5436174,30300.0,-63.0,[-70.24708],7.247077941894531,7.247077941894531
2024-11-26 15:20:07,52.6077612,1.5436893,30200.0,-63.0,[-69.24126],6.2412567138671875,6.2412567138671875
2024-11-26 15:20:07,52.6077612,1.5436893,30200.0,-63.0,[-69.24126],6.2412567138671875,6.2412567138671875
2024-11-26 15:20:08,52.6077442,1.5437422,30200.0,-61.0,[-68.5052],7.5052032470703125,7.5052032470703125
2024-11-26 15:20:09,52.6077201,1.5438155,30200.0,-61.0,[-67.19567],6.195671081542969,6.195671081542969
2024-11-26 15:20:10,52.607706,1.5438565,30200.0,-61.0,[-66.452446],5.452445983886719,5.452445983886719
2024-11-26 15:20:11,52.6076882,1.5439073,30100.0,-61.0,[-65.43757],4.437568664550781,4.437568664550781
2024-11-26 15:20:12,52.6076739,1.5439475,30100.0,-61.0,[-64.70225],3.7022476196289062,3.7022476196289062
2024-11-26 15:20:13,52.6076583,1.5439964,30200.0,-61.0,[-63.859608],2.859607696533203,2.859607696533203
2024-11-26 15:20:13,52.6076583,1.5439964,30200.0,-63.0,[-63.859608],0.8596076965332031,0.8596076965332031
2024-11-26 15:20:14,52.6076491,1.5440268,30200.0,-63.0,[-63.39491],0.3949089050292969,0.3949089050292969
2024-11-26 15:20:15,52.6076321,1.5440834,30200.0,-63.0,[-62.50611],0.49388885498046875,0.49388885498046875
2024-11-26 15:20:16,52.6076241,1.5441119,30200.0,-63.0,[-62.100304],0.8996963500976562,0.8996963500976562
2024-11-26 15:20:17,52.6076298,1.5441245,30200.0,-63.0,[-62.188293],0.81170654296875,0.81170654296875
2024-11-26 15:20:18,52.6076506,1.5441407,30200.0,-63.0,[-62.627575],0.3724250793457031,0.3724250793457031
2024-11-26 15:20:18,52.6076506,1.5441407,30200.0,-63.0,[-62.627575],0.3724250793457031,0.3724250793457031
2024-11-26 15:20:19,52.6076867,1.5441841,30200.0,-63.0,[-63.226833],0.22683334350585938,0.22683334350585938
2024-11-26 15:20:20,52.6077032,1.5442068,30300.0,-63.0,[-63.498398],0.4983978271484375,0.4983978271484375
2024-11-26 15:20:21,52.6077167,1.5442254,30300.0,-63.0,[-63.71294],0.7129402160644531,0.7129402160644531
2024-11-26 15:20:22,52.6077248,1.5442349,30300.0,-63.0,[-63.8713],0.8712997436523438,0.8712997436523438
2024-11-26 15:20:23,52.6077329,1.5442267,30300.0,-61.0,[-64.19051],3.1905136108398438,3.1905136108398438
2024-11-26 15:20:24,52.6077492,1.5441739,30300.0,-61.0,[-65.1056],4.105598449707031,4.105598449707031
2024-11-26 15:20:24,52.6077492,1.5441739,30300.0,-61.0,[-65.1056],4.105598449707031,4.105598449707031
2024-11-26 15:20:25,52.6077624,1.544139,30300.0,-61.0,[-65.83857],4.838569641113281,4.838569641113281
2024-11-26 15:20:26,52.6077776,1.544095,30300.0,-61.0,[-66.665115],5.6651153564453125,5.6651153564453125
2024-11-26 15:20:27,52.6077907,1.5440574,30300.0,-61.0,[-67.38646],6.3864593505859375,6.3864593505859375
2024-11-26 15:20:28,52.6078084,1.54401,30300.0,-61.0,[-68.25425],7.254249572753906,7.254249572753906
2024-11-26 15:20:29,52.6078153,1.5439901,30100.0,-61.0,[-68.64672],7.646720886230469,7.646720886230469
2024-11-26 15:20:30,52.6078449,1.543897,30100.0,-65.0,[-70.06053],5.0605316162109375,5.0605316162109375
2024-11-26 15:20:30,52.6078449,1.543897,30100.0,-65.0,[-70.06053],5.0605316162109375,5.0605316162109375
2024-11-26 15:20:31,52.607861,1.543845,30100.0,-65.0,[-70.805984],5.8059844970703125,5.8059844970703125
2024-11-26 15:20:32,52.6078753,1.5438053,30100.0,-65.0,[-71.372696],6.3726959228515625,6.3726959228515625
2024-11-26 15:20:33,52.6078934,1.5437556,30100.0,-65.0,[-71.904495],6.9044952392578125,6.9044952392578125
2024-11-26 15:20:34,52.6079074,1.5437151,30100.0,-65.0,[-72.22978],7.2297821044921875,7.2297821044921875
2024-11-26 15:20:35,52.6079306,1.5436451,30100.0,-65.0,[-72.70619],7.7061920166015625,7.7061920166015625
2024-11-26 15:20:36,52.6079458,1.5435945,30100.0,-65.0,[-72.81921],7.819206237792969,7.819206237792969
2024-11-26 15:20:36,52.6079458,1.5435945,30100.0,-65.0,[-72.81921],7.819206237792969,7.819206237792969
2024-11-26 15:20:37,52.6079581,1.5435533,30100.0,-65.0,[-72.95772],7.9577178955078125,7.9577178955078125
2024-11-26 15:20:38,52.6079745,1.5435014,29900.0,-65.0,[-72.805595],7.805595397949219,7.805595397949219
2024-11-26 15:20:39,52.6079983,1.5434304,29900.0,-65.0,[-72.947044],7.947044372558594,7.947044372558594
2024-11-26 15:20:40,52.6080118,1.5433889,29900.0,-67.0,[-73.00999],6.009986877441406,6.009986877441406
2024-11-26 15:20:41,52.6080291,1.5433364,30000.0,-67.0,[-72.31187],5.311866760253906,5.311866760253906
2024-11-26 15:20:41,52.6080291,1.5433364,30000.0,-67.0,[-72.31187],5.311866760253906,5.311866760253906
2024-11-26 15:20:42,52.6080432,1.5432943,30000.0,-67.0,[-72.29874],5.298736572265625,5.298736572265625
2024-11-26 15:20:43,52.6080602,1.5432405,30200.0,-67.0,[-71.1103],4.110298156738281,4.110298156738281
2024-11-26 15:20:44,52.6080697,1.5432075,30200.0,-67.0,[-71.03125],4.03125,4.03125
2024-11-26 15:20:45,52.608098,1.5431072,30200.0,-67.0,[-69.15534],2.1553421020507812,2.1553421020507812
2024-11-26 15:20:46,52.608111,1.5430658,30200.0,-67.0,[-69.04196],2.041961669921875,2.041961669921875
2024-11-26 15:20:47,52.6081273,1.5430168,30200.0,-67.0,[-68.91226],1.912261962890625,1.912261962890625
2024-11-26 15:20:47,52.6081273,1.5430168,30200.0,-67.0,[-68.91226],1.912261962890625,1.912261962890625
2024-11-26 15:20:48,52.6081372,1.5429871,30200.0,-67.0,[-66.96182],0.038177490234375,0.038177490234375
2024-11-26 15:20:49,52.6081653,1.5429044,30200.0,-67.0,[-66.646385],0.35361480712890625,0.35361480712890625
2024-11-26 15:20:50,52.6081798,1.5428638,30200.0,-67.0,[-64.805176],2.19482421875,2.19482421875
2024-11-26 15:20:51,52.6081969,1.5428125,30200.0,-67.0,[-63.721867],3.2781333923339844,3.2781333923339844
2024-11-26 15:20:52,52.6082137,1.5427589,30300.0,-67.0,[-63.46931],3.530689239501953,3.530689239501953
2024-11-26 15:20:53,52.608227,1.5427167,30300.0,-67.0,[-63.432373],3.567626953125,3.567626953125
2024-11-26 15:20:53,52.608227,1.5427167,30300.0,-67.0,[-63.432373],3.567626953125,3.567626953125
2024-11-26 15:20:54,52.6082432,1.5426659,30300.0,-67.0,[-64.48704],2.5129623413085938,2.5129623413085938
2024-11-26 15:20:55,52.6082561,1.5426265,30300.0,-67.0,[-64.56751],2.4324874877929688,2.4324874877929688
2024-11-26 15:20:56,52.608279,1.5425544,30300.0,-67.0,[-64.887344],2.1126556396484375,2.1126556396484375
2024-11-26 15:20:57,52.6082967,1.5425004,30200.0,-67.0,[-66.846924],0.153076171875,0.153076171875
2024-11-26 15:20:58,52.6083106,1.5424586,30200.0,-67.0,[-67.218414],0.218414306640625,0.218414306640625
2024-11-26 15:20:59,52.6083281,1.5424084,30200.0,-67.0,[-69.1814],2.181396484375,2.181396484375
2024-11-26 15:20:59,52.6083281,1.5424084,30200.0,-67.0,[-69.1814],2.181396484375,2.181396484375
2024-11-26 15:21:00,52.6083457,1.5423577,30200.0,-67.0,[-69.76261],2.7626113891601562,2.7626113891601562
2024-11-26 15:21:01,52.6083656,1.5422941,30200.0,-67.0,[-71.364006],4.364006042480469,4.364006042480469
2024-11-26 15:21:02,52.6083811,1.5422429,30200.0,-67.0,[-71.66869],4.668693542480469,4.668693542480469
2024-11-26 15:21:03,52.6083932,1.5422015,30200.0,-69.0,[-71.83898],2.8389816284179688,2.8389816284179688
2024-11-26 15:21:04,52.6084082,1.5421495,30200.0,-69.0,[-72.228004],3.2280044555664062,3.2280044555664062
2024-11-26 15:21:04,52.6084082,1.5421495,30200.0,-69.0,[-72.228004],3.2280044555664062,3.2280044555664062
2024-11-26 15:21:05,52.6084238,1.5420977,30200.0,-69.0,[-72.22776],3.2277603149414062,3.2277603149414062
2024-11-26 15:21:06,52.6084476,1.542026,30200.0,-69.0,[-72.21861],3.2186126708984375,3.2186126708984375
2024-11-26 15:21:07,52.608462,1.5419841,30200.0,-69.0,[-72.06014],3.0601425170898438,3.0601425170898438
2024-11-26 15:21:08,52.6084798,1.5419317,30200.0,-69.0,[-71.56104],2.5610427856445312,2.5610427856445312
2024-11-26 15:21:09,52.6084943,1.5418914,30200.0,-69.0,[-71.250015],2.2500152587890625,2.2500152587890625
2024-11-26 15:21:10,52.6085118,1.541841,30000.0,-69.0,[-70.53327],1.5332717895507812,1.5332717895507812
2024-11-26 15:21:10,52.6085118,1.541841,30000.0,-69.0,[-70.53327],1.5332717895507812,1.5332717895507812
2024-11-26 15:21:11,52.6085358,1.5417691,30000.0,-69.0,[-70.50935],1.5093536376953125,1.5093536376953125
2024-11-26 15:21:12,52.6085496,1.5417274,30000.0,-69.0,[-70.6885],1.6884994506835938,1.6884994506835938
2024-11-26 15:21:13,52.6085633,1.5416813,30000.0,-69.0,[-70.81521],1.8152084350585938,1.8152084350585938
2024-11-26 15:21:14,52.6085706,1.5416529,30000.0,-69.0,[-70.99555],1.9955520629882812,1.9955520629882812
2024-11-26 15:21:15,52.6085819,1.5416135,30100.0,-69.0,[-71.3153],2.3152999877929688,2.3152999877929688
2024-11-26 15:21:16,52.6085964,1.5415832,30100.0,-69.0,[-71.52193],2.5219268798828125,2.5219268798828125
2024-11-26 15:21:16,52.6085964,1.5415832,30100.0,-69.0,[-71.52193],2.5219268798828125,2.5219268798828125
2024-11-26 15:21:17,52.6086089,1.5415897,30100.0,-69.0,[-71.46561],2.465606689453125,2.465606689453125
2024-11-26 15:21:18,52.608637,1.5416149,30100.0,-69.0,[-71.28022],2.2802200317382812,2.2802200317382812
2024-11-26 15:21:19,52.6086637,1.5416403,30200.0,-69.0,[-71.28058],2.28057861328125,2.28057861328125
2024-11-26 15:21:20,52.6086889,1.5416673,30200.0,-69.0,[-71.140594],2.140594482421875,2.140594482421875
2024-11-26 15:21:21,52.6087008,1.5416807,30200.0,-69.0,[-71.10176],2.1017608642578125,2.1017608642578125
2024-11-26 15:21:21,52.6087008,1.5416807,30200.0,-59.0,[-71.10176],12.101760864257812,12.101760864257812
2024-11-26 15:21:22,52.6087008,1.5416807,30200.0,-59.0,[-71.151855],12.15185546875,12.15185546875
2024-11-26 15:21:23,52.6086947,1.5417446,30200.0,-59.0,[-70.89862],11.89862060546875,11.89862060546875
2024-11-26 15:21:24,52.6086818,1.5418146,30200.0,-59.0,[-70.816864],11.816864013671875,11.816864013671875
2024-11-26 15:21:25,52.6086566,1.5418871,30200.0,-59.0,[-70.87934],11.879341125488281,11.879341125488281
2024-11-26 15:21:26,52.6086384,1.5419397,30300.0,-75.0,[-71.41251],3.5874862670898438,3.5874862670898438
2024-11-26 15:21:27,52.6086205,1.5419908,30300.0,-75.0,[-71.88624],3.1137619018554688,3.1137619018554688
2024-11-26 15:21:27,52.6086205,1.5419908,30300.0,-59.0,[-71.88624],12.886238098144531,12.886238098144531
2024-11-26 15:21:28,52.6086062,1.5420316,30300.0,-61.0,[-72.29842],11.298423767089844,11.298423767089844
2024-11-26 15:21:29,52.6085895,1.5420823,30200.0,-67.0,[-72.74828],5.748283386230469,5.748283386230469
2024-11-26 15:21:30,52.6085767,1.5421226,30200.0,-71.0,[-73.02828],2.0282821655273438,2.0282821655273438
2024-11-26 15:21:31,52.6085535,1.5421939,30100.0,-71.0,[-73.32763],2.3276290893554688,2.3276290893554688
2024-11-26 15:21:32,52.6085354,1.5422444,30100.0,-71.0,[-73.488396],2.4883956909179688,2.4883956909179688
2024-11-26 15:21:33,52.6085205,1.5422843,30100.0,-71.0,[-73.408394],2.4083938598632812,2.4083938598632812
2024-11-26 15:21:33,52.6085205,1.5422843,30100.0,-71.0,[-73.408394],2.4083938598632812,2.4083938598632812
2024-11-26 15:21:34,52.6085024,1.5423349,30100.0,-71.0,[-73.43356],2.433563232421875,2.433563232421875
2024-11-26 15:21:35,52.6084889,1.5423768,30100.0,-71.0,[-73.02949],2.0294876098632812,2.0294876098632812
2024-11-26 15:21:36,52.6084729,1.5424294,30100.0,-71.0,[-72.91987],1.9198684692382812,1.9198684692382812
2024-11-26 15:21:37,52.6084666,1.5424505,30100.0,-71.0,[-72.86526],1.8652572631835938,1.8652572631835938
2024-11-26 15:21:38,52.6084382,1.5425466,30100.0,-71.0,[-72.65466],1.6546630859375,1.6546630859375
2024-11-26 15:21:39,52.6084209,1.5426007,30100.0,-71.0,[-72.44743],1.4474334716796875,1.4474334716796875
2024-11-26 15:21:39,52.6084209,1.5426007,30100.0,-77.0,[-72.44743],4.5525665283203125,4.5525665283203125
2024-11-26 15:21:40,52.6084056,1.5426431,30200.0,-77.0,[-70.058876],6.941123962402344,6.941123962402344
2024-11-26 15:21:41,52.6083807,1.5427155,30200.0,-77.0,[-69.89116],7.1088409423828125,7.1088409423828125
2024-11-26 15:21:42,52.6083643,1.5427667,30200.0,-77.0,[-68.50886],8.491142272949219,8.491142272949219
2024-11-26 15:21:43,52.6083514,1.5428081,30200.0,-61.0,[-68.597404],7.597404479980469,7.597404479980469
2024-11-26 15:21:44,52.6083353,1.5428593,30100.0,-61.0,[-67.88396],6.8839569091796875,6.8839569091796875
2024-11-26 15:21:44,52.6083353,1.5428593,30100.0,-61.0,[-67.88396],6.8839569091796875,6.8839569091796875
2024-11-26 15:21:45,52.6083221,1.5428996,30100.0,-61.0,[-68.05832],7.058319091796875,7.058319091796875
2024-11-26 15:21:46,52.608312,1.5429302,30100.0,-61.0,[-68.21677],7.216766357421875,7.216766357421875
2024-11-26 15:21:47,52.6082825,1.5430244,30100.0,-61.0,[-68.757355],7.757354736328125,7.757354736328125
2024-11-26 15:21:48,52.6082696,1.5430667,30100.0,-61.0,[-68.99126],7.9912567138671875,7.9912567138671875
2024-11-26 15:21:49,52.6082528,1.5431199,30000.0,-61.0,[-70.45527],9.455268859863281,9.455268859863281
2024-11-26 15:21:50,52.6082351,1.5431728,30000.0,-61.0,[-70.6806],9.68060302734375,9.68060302734375
2024-11-26 15:21:50,52.6082351,1.5431728,30000.0,-61.0,[-70.6806],9.68060302734375,9.68060302734375
2024-11-26 15:21:51,52.6082277,1.5431934,30000.0,-61.0,[-70.77181],9.771812438964844,9.771812438964844
2024-11-26 15:21:52,52.6082024,1.5432642,30000.0,-61.0,[-71.03218],10.032180786132812,10.032180786132812
2024-11-26 15:21:53,52.6081822,1.5433259,30000.0,-61.0,[-71.26688],10.266876220703125,10.266876220703125
2024-11-26 15:21:54,52.6081654,1.5433783,30200.0,-61.0,[-73.58497],12.584968566894531,12.584968566894531
2024-11-26 15:21:55,52.6081518,1.5434206,30200.0,-63.0,[-73.6325],10.632499694824219,10.632499694824219
2024-11-26 15:21:56,52.6081285,1.5434942,30200.0,-63.0,[-74.291046],11.291046142578125,11.291046142578125
2024-11-26 15:21:56,52.6081285,1.5434942,30200.0,-63.0,[-74.291046],11.291046142578125,11.291046142578125
2024-11-26 15:21:57,52.6081186,1.5435254,30200.0,-63.0,[-74.300766],11.300765991210938,11.300765991210938
2024-11-26 15:21:58,52.6081053,1.5435677,30200.0,-63.0,[-74.74505],11.745048522949219,11.745048522949219
2024-11-26 15:21:59,52.6080808,1.5436435,30200.0,-63.0,[-74.64435],11.64434814453125,11.64434814453125
2024-11-26 15:22:00,52.6080665,1.543686,30100.0,-63.0,[-74.79161],11.791610717773438,11.791610717773438
2024-11-26 15:22:01,52.6080495,1.5437384,30100.0,-63.0,[-74.57429],11.574287414550781,11.574287414550781
2024-11-26 15:22:01,52.6080495,1.5437384,30100.0,-63.0,[-74.57429],11.574287414550781,11.574287414550781
2024-11-26 15:22:02,52.6080265,1.5438112,30100.0,-63.0,[-74.17632],11.176322937011719,11.176322937011719
2024-11-26 15:22:03,52.6080133,1.5438523,30100.0,-63.0,[-74.02076],11.020759582519531,11.020759582519531
2024-11-26 15:22:04,52.6079972,1.5439029,30100.0,-63.0,[-73.67585],10.675849914550781,10.675849914550781
2024-11-26 15:22:05,52.6079809,1.543954,30400.0,-61.0,[-73.28921],12.289207458496094,12.289207458496094
2024-11-26 15:22:06,52.6079676,1.5439952,30400.0,-61.0,[-72.98539],11.985389709472656,11.985389709472656
2024-11-26 15:22:07,52.6079508,1.5440459,30400.0,-61.0,[-72.596054],11.596054077148438,11.596054077148438
2024-11-26 15:22:07,52.6079508,1.5440459,30400.0,-61.0,[-72.596054],11.596054077148438,11.596054077148438
2024-11-26 15:22:08,52.6079275,1.5441175,30400.0,-61.0,[-71.87013],10.870132446289062,10.870132446289062
2024-11-26 15:22:09,52.6079139,1.5441597,30400.0,-61.0,[-71.4247],10.424697875976562,10.424697875976562
2024-11-26 15:22:10,52.6078959,1.5442122,30300.0,-61.0,[-70.832115],9.832115173339844,9.832115173339844
2024-11-26 15:22:11,52.6078831,1.5442489,30300.0,-61.0,[-70.38311],9.383110046386719,9.383110046386719
2024-11-26 15:22:12,52.6078716,1.5442853,30300.0,-61.0,[-69.93024],8.93023681640625,8.93023681640625
2024-11-26 15:22:13,52.6078577,1.5443318,30300.0,-61.0,[-69.39585],8.395851135253906,8.395851135253906
2024-11-26 15:22:13,52.6078577,1.5443318,30300.0,-61.0,[-69.39585],8.395851135253906,8.395851135253906
2024-11-26 15:22:14,52.6078534,1.5443512,30300.0,-61.0,[-69.21392],8.213920593261719,8.213920593261719
2024-11-26 15:22:15,52.6078667,1.5443539,30300.0,-61.0,[-69.43121],8.43121337890625,8.43121337890625
2024-11-26 15:22:16,52.6078863,1.5443548,30300.0,-61.0,[-69.74796],8.747962951660156,8.747962951660156
2024-11-26 15:22:17,52.6079286,1.5443706,30300.0,-61.0,[-70.31055],9.310546875,9.310546875
2024-11-26 15:22:18,52.6079547,1.544385,30300.0,-61.0,[-70.6237],9.623703002929688,9.623703002929688
2024-11-26 15:22:19,52.6079728,1.5443947,30200.0,-61.0,[-70.836395],9.836395263671875,9.836395263671875
2024-11-26 15:22:19,52.6079728,1.5443947,30200.0,-61.0,[-70.836395],9.836395263671875,9.836395263671875
2024-11-26 15:22:20,52.6079843,1.5443962,30200.0,-63.0,[-71.004395],8.00439453125,8.00439453125
2024-11-26 15:22:21,52.607992,1.5443733,30200.0,-61.0,[-71.28964],10.289642333984375,10.289642333984375
2024-11-26 15:22:22,52.6080031,1.5443399,30200.0,-61.0,[-71.70418],10.704177856445312,10.704177856445312
2024-11-26 15:22:23,52.6080262,1.5442795,30300.0,-65.0,[-72.419136],7.419136047363281,7.419136047363281
2024-11-26 15:22:24,52.6080389,1.544243,30300.0,-65.0,[-72.81206],7.8120574951171875,7.8120574951171875
2024-11-26 15:22:24,52.6080389,1.544243,30300.0,-65.0,[-72.81206],7.8120574951171875,7.8120574951171875
2024-11-26 15:22:25,52.6080547,1.5441945,30300.0,-65.0,[-73.276764],8.276763916015625,8.276763916015625
2024-11-26 15:22:26,52.608071,1.5441455,30200.0,-65.0,[-73.683525],8.683525085449219,8.683525085449219
2024-11-26 15:22:27,52.6080841,1.5441066,30200.0,-63.0,[-74.0005],11.000503540039062,11.000503540039062
2024-11-26 15:22:28,52.6081012,1.5440554,30200.0,-63.0,[-74.375984],11.375984191894531,11.375984191894531
2024-11-26 15:22:29,52.6081147,1.544014,30200.0,-63.0,[-74.71908],11.719078063964844,11.719078063964844
2024-11-26 15:22:30,52.6081378,1.5439417,30400.0,-63.0,[-75.138954],12.138954162597656,12.138954162597656
2024-11-26 15:22:30,52.6081378,1.5439417,30400.0,-63.0,[-75.138954],12.138954162597656,12.138954162597656
2024-11-26 15:22:31,52.6081542,1.54389,30400.0,-63.0,[-75.4359],12.435897827148438,12.435897827148438
2024-11-26 15:22:32,52.60817,1.5438376,30300.0,-63.0,[-75.60833],12.608329772949219,12.608329772949219
2024-11-26 15:22:33,52.6081891,1.5437778,30300.0,-63.0,[-75.88113],12.881126403808594,12.881126403808594
2024-11-26 15:22:34,52.6082059,1.5437278,30300.0,-63.0,[-76.108185],13.108184814453125,13.108184814453125
2024-11-26 15:22:35,52.6082194,1.5436876,30200.0,-67.0,[-76.078415],9.078414916992188,9.078414916992188
2024-11-26 15:22:36,52.6082363,1.543637,30200.0,-65.0,[-76.202286],11.202285766601562,11.202285766601562
2024-11-26 15:22:36,52.6082363,1.543637,30200.0,-65.0,[-76.202286],11.202285766601562,11.202285766601562
2024-11-26 15:22:37,52.6082495,1.5435941,30200.0,-65.0,[-76.03396],11.033958435058594,11.033958435058594
2024-11-26 15:22:38,52.6082738,1.543517,30200.0,-65.0,[-76.0889],11.088897705078125,11.088897705078125
2024-11-26 15:22:39,52.6082902,1.5434626,30200.0,-65.0,[-75.65039],10.650390625,10.650390625
2024-11-26 15:22:40,52.608303,1.5434211,30200.0,-65.0,[-75.66027],10.660270690917969,10.660270690917969
2024-11-26 15:22:41,52.6083196,1.5433717,30200.0,-63.0,[-75.67197],12.671966552734375,12.671966552734375
2024-11-26 15:22:41,52.6083196,1.5433717,30200.0,-63.0,[-75.67197],12.671966552734375,12.671966552734375
2024-11-26 15:22:42,52.6083368,1.5433214,30200.0,-63.0,[-75.214],12.213996887207031,12.213996887207031
2024-11-26 15:22:43,52.6083504,1.5432816,30200.0,-63.0,[-75.21588],12.21588134765625,12.21588134765625
2024-11-26 15:22:44,52.6083752,1.5432103,30100.0,-63.0,[-74.70838],11.708381652832031,11.708381652832031
2024-11-26 15:22:45,52.6083895,1.5431687,30100.0,-63.0,[-74.66805],11.668052673339844,11.668052673339844
2024-11-26 15:22:46,52.6084058,1.5431149,30200.0,-63.0,[-74.2001],11.200103759765625,11.200103759765625
2024-11-26 15:22:47,52.6084208,1.5430602,30200.0,-61.0,[-74.10421],13.104209899902344,13.104209899902344
2024-11-26 15:22:47,52.6084208,1.5430602,30200.0,-61.0,[-74.10421],13.104209899902344,13.104209899902344
2024-11-26 15:22:48,52.6084397,1.5429975,30400.0,-61.0,[-73.95737],12.957366943359375,12.957366943359375
2024-11-26 15:22:49,52.6084576,1.5429462,30400.0,-61.0,[-73.98861],12.988609313964844,12.988609313964844
2024-11-26 15:22:50,52.6084758,1.5428946,30400.0,-63.0,[-74.039536],11.039535522460938,11.039535522460938
2024-11-26 15:22:51,52.6084898,1.5428539,30400.0,-63.0,[-74.40867],11.408668518066406,11.408668518066406
2024-11-26 15:22:52,52.6085032,1.5428131,30400.0,-63.0,[-74.48754],11.487541198730469,11.487541198730469
2024-11-26 15:22:53,52.6085261,1.542739,30400.0,-63.0,[-75.11757],12.117568969726562,12.117568969726562
2024-11-26 15:22:53,52.6085261,1.542739,30400.0,-63.0,[-75.11757],12.117568969726562,12.117568969726562
2024-11-26 15:22:54,52.6085436,1.5426848,30400.0,-63.0,[-75.21293],12.212928771972656,12.212928771972656
2024-11-26 15:22:55,52.6085614,1.5426309,30400.0,-63.0,[-75.79522],12.795219421386719,12.795219421386719
2024-11-26 15:22:56,52.6085751,1.5425907,30400.0,-63.0,[-75.87592],12.875923156738281,12.875923156738281
2024-11-26 15:22:57,52.6085974,1.5425236,30300.0,-63.0,[-76.33566],13.335662841796875,13.335662841796875
2024-11-26 15:22:58,52.6086101,1.5424826,30300.0,-67.0,[-76.3693],9.369300842285156,9.369300842285156
2024-11-26 15:22:59,52.6086272,1.5424293,30300.0,-67.0,[-76.442535],9.442535400390625,9.442535400390625
2024-11-26 15:22:59,52.6086272,1.5424293,30300.0,-69.0,[-76.442535],7.442535400390625,7.442535400390625
2024-11-26 15:23:00,52.608644,1.5423741,30100.0,-69.0,[-76.585655],7.585655212402344,7.585655212402344
2024-11-26 15:23:01,52.6086538,1.5423405,30100.0,-69.0,[-76.60543],7.605430603027344,7.605430603027344
2024-11-26 15:23:02,52.6086793,1.5422544,29900.0,-69.0,[-76.41354],7.413543701171875,7.413543701171875
2024-11-26 15:23:03,52.6086856,1.542234,29900.0,-69.0,[-76.39293],7.3929290771484375,7.3929290771484375
2024-11-26 15:23:04,52.6087084,1.5421639,30000.0,-69.0,[-76.316826],7.316825866699219,7.316825866699219
2024-11-26 15:23:04,52.6087084,1.5421639,30000.0,-71.0,[-76.316826],5.316825866699219,5.316825866699219
2024-11-26 15:23:05,52.6087218,1.5421248,30000.0,-71.0,[-76.171616],5.1716156005859375,5.1716156005859375
2024-11-26 15:23:06,52.6087391,1.5420738,30000.0,-71.0,[-75.94665],4.946647644042969,4.946647644042969
2024-11-26 15:23:07,52.6087634,1.5420009,30200.0,-71.0,[-75.77071],4.770713806152344,4.770713806152344
2024-11-26 15:23:08,52.6087802,1.5419524,30200.0,-71.0,[-75.679184],4.6791839599609375,4.6791839599609375
2024-11-26 15:23:09,52.6087895,1.5419226,30400.0,-71.0,[-75.83051],4.830513000488281,4.830513000488281
2024-11-26 15:23:10,52.6087992,1.5418898,30400.0,-71.0,[-75.819885],4.81988525390625,4.81988525390625
2024-11-26 15:23:10,52.6087992,1.5418898,30400.0,-71.0,[-75.819885],4.81988525390625,4.81988525390625
2024-11-26 15:23:11,52.6088081,1.54186,30300.0,-61.0,[-75.67888],14.678878784179688,14.678878784179688
2024-11-26 15:23:12,52.6088177,1.5418387,30300.0,-55.0,[-75.706215],20.706214904785156,20.706214904785156
2024-11-26 15:23:13,52.60883,1.5418538,30400.0,-55.0,[-75.80974],20.809738159179688,20.809738159179688
2024-11-26 15:23:14,52.6088486,1.5418834,30400.0,-55.0,[-75.80395],20.80394744873047,20.80394744873047
2024-11-26 15:23:15,52.608876,1.5419275,30400.0,-55.0,[-75.78752],20.787521362304688,20.787521362304688
2024-11-26 15:23:16,52.6088985,1.5419659,30300.0,-67.0,[-75.67547],8.675468444824219,8.675468444824219
2024-11-26 15:23:16,52.6088985,1.5419659,30300.0,-71.0,[-75.67547],4.675468444824219,4.675468444824219
2024-11-26 15:23:17,52.6089092,1.5419883,30300.0,-71.0,[-75.697754],4.69775390625,4.69775390625
2024-11-26 15:23:18,52.6089134,1.5420153,30300.0,-73.0,[-75.7305],2.730499267578125,2.730499267578125
2024-11-26 15:23:19,52.6089052,1.5420425,30300.0,-73.0,[-75.79302],2.7930221557617188,2.7930221557617188
2024-11-26 15:23:20,52.608885,1.5421177,30200.0,-73.0,[-75.99447],2.9944686889648438,2.9944686889648438
2024-11-26 15:23:21,52.6088667,1.5421689,30200.0,-73.0,[-76.30135],3.3013534545898438,3.3013534545898438
2024-11-26 15:23:22,52.6088523,1.5422087,30200.0,-67.0,[-76.54798],9.547981262207031,9.547981262207031
2024-11-26 15:23:22,52.6088523,1.5422087,30200.0,-67.0,[-76.54798],9.547981262207031,9.547981262207031
2024-11-26 15:23:23,52.6088289,1.5422783,30200.0,-67.0,[-76.96659],9.966590881347656,9.966590881347656
2024-11-26 15:23:24,52.6088125,1.5423302,30200.0,-67.0,[-77.20882],10.208816528320312,10.208816528320312
2024-11-26 15:23:25,52.6087982,1.5423723,30200.0,-67.0,[-77.38104],10.38104248046875,10.38104248046875
2024-11-26 15:23:26,52.6087806,1.5424247,30200.0,-75.0,[-77.55853],2.55853271484375,2.55853271484375
2024-11-26 15:23:27,52.6087666,1.5424672,30100.0,-75.0,[-77.596794],2.5967941284179688,2.5967941284179688
2024-11-26 15:23:27,52.6087666,1.5424672,30100.0,-75.0,[-77.596794],2.5967941284179688,2.5967941284179688
2024-11-26 15:23:28,52.6087416,1.5425422,30100.0,-75.0,[-77.851425],2.8514251708984375,2.8514251708984375
2024-11-26 15:23:29,52.6087251,1.5425939,30000.0,-75.0,[-77.78357],2.7835693359375,2.7835693359375
2024-11-26 15:23:30,52.608712,1.5426341,30000.0,-75.0,[-77.851524],2.8515243530273438,2.8515243530273438
2024-11-26 15:23:31,52.608696,1.5426853,30100.0,-75.0,[-77.828896],2.8288955688476562,2.8288955688476562
2024-11-26 15:23:32,52.6086834,1.5427264,30100.0,-75.0,[-77.87454],2.874542236328125,2.874542236328125
2024-11-26 15:23:33,52.6086677,1.5427776,30100.0,-75.0,[-77.92092],2.9209213256835938,2.9209213256835938
2024-11-26 15:23:33,52.6086677,1.5427776,30100.0,-75.0,[-77.92092],2.9209213256835938,2.9209213256835938
2024-11-26 15:23:34,52.6086439,1.5428483,30400.0,-75.0,[-77.82241],2.8224105834960938,2.8224105834960938
2024-11-26 15:23:35,52.6086302,1.5428903,30400.0,-75.0,[-77.81993],2.8199310302734375,2.8199310302734375
2024-11-26 15:23:36,52.6086131,1.5429441,30300.0,-75.0,[-77.61425],2.6142501831054688,2.6142501831054688
2024-11-26 15:23:37,52.6085991,1.5429857,30300.0,-61.0,[-77.63735],16.637351989746094,16.637351989746094
2024-11-26 15:23:38,52.6085736,1.543054,30200.0,-61.0,[-77.50016],16.500160217285156,16.500160217285156
2024-11-26 15:23:39,52.608556,1.5431047,30200.0,-57.0,[-77.52735],20.52735137939453,20.52735137939453
2024-11-26 15:23:39,52.608556,1.5431047,30200.0,-61.0,[-77.52735],16.52735137939453,16.52735137939453
2024-11-26 15:23:40,52.6085432,1.5431469,30200.0,-61.0,[-77.56366],16.56365966796875,16.56365966796875
2024-11-26 15:23:41,52.6085276,1.5431988,30300.0,-61.0,[-77.603226],16.603225708007812,16.603225708007812
2024-11-26 15:23:42,52.608515,1.5432398,30300.0,-61.0,[-77.62962],16.629623413085938,16.629623413085938
2024-11-26 15:23:43,52.6084993,1.5432911,30400.0,-61.0,[-77.75275],16.75274658203125,16.75274658203125
2024-11-26 15:23:44,52.6084756,1.5433657,30400.0,-61.0,[-77.7778],16.777801513671875,16.777801513671875
2024-11-26 15:23:44,52.6084756,1.5433657,30400.0,-61.0,[-77.7778],16.777801513671875,16.777801513671875
2024-11-26 15:23:45,52.6084611,1.5434079,30400.0,-61.0,[-77.967384],16.967384338378906,16.967384338378906
2024-11-26 15:23:46,52.6084438,1.5434601,30400.0,-61.0,[-77.99589],16.995887756347656,16.995887756347656
2024-11-26 15:23:47,52.6084271,1.5435124,30400.0,-61.0,[-78.19535],17.195350646972656,17.195350646972656
2024-11-26 15:23:48,52.6084139,1.5435546,30400.0,-61.0,[-78.179245],17.179244995117188,17.179244995117188
2024-11-26 15:23:49,52.6083909,1.5436288,30400.0,-61.0,[-78.128204],17.128204345703125,17.128204345703125
2024-11-26 15:23:50,52.6083776,1.5436697,30300.0,-61.0,[-78.22983],17.229827880859375,17.229827880859375
2024-11-26 15:23:50,52.6083776,1.5436697,30300.0,-63.0,[-78.22983],15.229827880859375,15.229827880859375
2024-11-26 15:23:51,52.6083612,1.543722,30300.0,-63.0,[-78.15544],15.155441284179688,15.155441284179688
2024-11-26 15:23:52,52.608348,1.543765,30100.0,-63.0,[-78.17815],15.178146362304688,15.178146362304688
2024-11-26 15:23:53,52.6083305,1.5438181,30100.0,-63.0,[-78.02743],15.027427673339844,15.027427673339844
2024-11-26 15:23:54,52.6083058,1.543893,30000.0,-63.0,[-77.85563],14.855628967285156,14.855628967285156
2024-11-26 15:23:55,52.6082883,1.5439446,30000.0,-63.0,[-77.64272],14.642723083496094,14.642723083496094
2024-11-26 15:23:56,52.6082746,1.5439827,30000.0,-63.0,[-77.486465],14.486465454101562,14.486465454101562
2024-11-26 15:23:56,52.6082746,1.5439827,30000.0,-63.0,[-77.486465],14.486465454101562,14.486465454101562
2024-11-26 15:23:57,52.6082524,1.5440517,29900.0,-63.0,[-77.210915],14.210914611816406,14.210914611816406
2024-11-26 15:23:58,52.608236,1.5441046,29900.0,-63.0,[-76.92725],13.927253723144531,13.927253723144531
2024-11-26 15:23:59,52.6082226,1.5441471,30000.0,-63.0,[-76.75184],13.751838684082031,13.751838684082031
2024-11-26 15:24:00,52.6082124,1.5441788,30000.0,-69.0,[-76.54589],7.545890808105469,7.545890808105469
2024-11-26 15:24:01,52.6081925,1.5442422,30000.0,-69.0,[-76.14886],7.148857116699219,7.148857116699219
2024-11-26 15:24:02,52.6081694,1.5443143,30000.0,-69.0,[-75.637146],6.63714599609375,6.63714599609375
2024-11-26 15:24:02,52.6081694,1.5443143,30000.0,-69.0,[-75.637146],6.63714599609375,6.63714599609375
2024-11-26 15:24:03,52.6081566,1.544354,30100.0,-69.0,[-75.39354],6.3935394287109375,6.3935394287109375
2024-11-26 15:24:04,52.608148,1.5443817,30100.0,-69.0,[-75.206535],6.206535339355469,6.206535339355469
2024-11-26 15:24:05,52.6081361,1.5444193,30300.0,-69.0,[-74.930374],5.9303741455078125,5.9303741455078125
2024-11-26 15:24:06,52.6081301,1.5444379,30300.0,-69.0,[-74.77699],5.7769927978515625,5.7769927978515625
2024-11-26 15:24:07,52.6081376,1.5444448,30300.0,-69.0,[-74.83162],5.8316192626953125,5.8316192626953125
2024-11-26 15:24:07,52.6081376,1.5444448,30300.0,-69.0,[-74.83162],5.8316192626953125,5.8316192626953125
2024-11-26 15:24:08,52.6081577,1.5444355,30300.0,-69.0,[-75.11346],6.113456726074219,6.113456726074219
2024-11-26 15:24:09,52.6081933,1.5444272,30300.0,-59.0,[-75.500244],16.500244140625,16.500244140625
2024-11-26 15:24:10,52.6082232,1.5444265,30200.0,-59.0,[-75.75895],16.758949279785156,16.758949279785156
2024-11-26 15:24:11,52.6082452,1.5444266,30200.0,-63.0,[-75.95033],12.950332641601562,12.950332641601562
2024-11-26 15:24:12,52.6082658,1.544427,30200.0,-63.0,[-76.125755],13.125755310058594,13.125755310058594
2024-11-26 15:24:13,52.6082871,1.5444124,30200.0,-63.0,[-76.363945],13.363945007324219,13.363945007324219
2024-11-26 15:24:13,52.6082871,1.5444124,30200.0,-63.0,[-76.363945],13.363945007324219,13.363945007324219
2024-11-26 15:24:14,52.6082931,1.5443829,30200.0,-63.0,[-76.564674],13.564674377441406,13.564674377441406
2024-11-26 15:24:15,52.6082931,1.5443829,30200.0,-63.0,[-76.585205],13.585205078125,13.585205078125
2024-11-26 15:24:16,52.6082931,1.5443829,30200.0,-63.0,[-76.60568],13.605682373046875,13.605682373046875
2024-11-26 15:24:17,52.6082931,1.5443829,30200.0,-63.0,[-76.62622],13.626220703125,13.626220703125
2024-11-26 15:24:18,52.6083574,1.5442031,30200.0,-63.0,[-77.90913],14.909126281738281,14.909126281738281
2024-11-26 15:24:19,52.6083574,1.5442031,30200.0,-63.0,[-77.93059],14.930587768554688,14.930587768554688
2024-11-26 15:24:19,52.6083574,1.5442031,30200.0,-63.0,[-77.93059],14.930587768554688,14.930587768554688
2024-11-26 15:24:20,52.6083574,1.5442031,30200.0,-63.0,[-77.95209],14.95208740234375,14.95208740234375
2024-11-26 15:24:21,52.6083574,1.5442031,30200.0,-63.0,[-77.973564],14.973564147949219,14.973564147949219
2024-11-26 15:24:23,52.6083574,1.5442031,30200.0,-63.0,[-78.016045],15.016044616699219,15.016044616699219
2024-11-26 15:24:23,52.6083574,1.5442031,30200.0,-63.0,[-78.016045],15.016044616699219,15.016044616699219
2024-11-26 15:24:25,52.6083574,1.5442031,30200.0,-63.0,[-78.05776],15.057762145996094,15.057762145996094
2024-11-26 15:24:25,52.6083574,1.5442031,30200.0,-63.0,[-78.05776],15.057762145996094,15.057762145996094
2024-11-26 15:24:26,52.6083574,1.5442031,30200.0,-65.0,[-78.078606],13.078605651855469,13.078605651855469
2024-11-26 15:24:27,52.6084941,1.5437843,30200.0,-69.0,[-79.88584],10.885841369628906,10.885841369628906
2024-11-26 15:24:28,52.6085042,1.5437513,30200.0,-69.0,[-79.605774],10.60577392578125,10.60577392578125
2024-11-26 15:24:29,52.608527,1.5436757,30200.0,-65.0,[-79.74904],14.749038696289062,14.749038696289062
2024-11-26 15:24:30,52.6085441,1.5436234,30100.0,-65.0,[-79.71474],14.714736938476562,14.714736938476562
2024-11-26 15:24:31,52.6085654,1.5435629,30100.0,-65.0,[-79.78028],14.780281066894531,14.780281066894531
2024-11-26 15:24:31,52.6085654,1.5435629,30100.0,-63.0,[-79.78028],16.78028106689453,16.78028106689453
2024-11-26 15:24:32,52.6085825,1.5435114,30100.0,-63.0,[-79.82861],16.82861328125,16.82861328125
2024-11-26 15:24:33,52.6085988,1.5434588,30100.0,-63.0,[-79.804825],16.804824829101562,16.804824829101562
2024-11-26 15:24:34,52.6086118,1.5434176,30100.0,-61.0,[-79.83979],18.83979034423828,18.83979034423828
2024-11-26 15:24:35,52.608629,1.5433663,30000.0,-61.0,[-79.793686],18.793685913085938,18.793685913085938
2024-11-26 15:24:36,52.6086489,1.5433054,30000.0,-61.0,[-79.82938],18.829376220703125,18.829376220703125
2024-11-26 15:24:37,52.6086657,1.5432547,30100.0,-61.0,[-79.8888],18.88880157470703,18.88880157470703
2024-11-26 15:24:37,52.6086657,1.5432547,30100.0,-61.0,[-79.8888],18.88880157470703,18.88880157470703
2024-11-26 15:24:38,52.6086791,1.5432136,30100.0,-61.0,[-79.92096],18.92095947265625,18.92095947265625
2024-11-26 15:24:39,52.6086951,1.5431616,30100.0,-61.0,[-79.951996],18.951995849609375,18.951995849609375
2024-11-26 15:24:40,52.6087085,1.5431196,30100.0,-63.0,[-79.986374],16.986373901367188,16.986373901367188
2024-11-26 15:24:41,52.6087253,1.5430668,30100.0,-63.0,[-80.012115],17.012115478515625,17.012115478515625
2024-11-26 15:24:42,52.6087491,1.5429914,30100.0,-63.0,[-80.081795],17.08179473876953,17.08179473876953
2024-11-26 15:24:43,52.6087665,1.5429377,30100.0,-63.0,[-80.09533],17.09532928466797,17.09532928466797
2024-11-26 15:24:43,52.6087665,1.5429377,30100.0,-63.0,[-80.09533],17.09532928466797,17.09532928466797
2024-11-26 15:24:44,52.6087805,1.5428965,30100.0,-63.0,[-80.153625],17.15362548828125,17.15362548828125
2024-11-26 15:24:45,52.6087978,1.542846,30100.0,-59.0,[-80.138374],21.13837432861328,21.13837432861328
2024-11-26 15:24:46,52.6088109,1.5428047,30100.0,-59.0,[-80.19251],21.19251251220703,21.19251251220703
2024-11-26 15:24:47,52.6088326,1.5427339,30100.0,-59.0,[-80.13746],21.13745880126953,21.13745880126953
2024-11-26 15:24:48,52.60885,1.5426838,30100.0,-67.0,[-80.08165],13.081649780273438,13.081649780273438
2024-11-26 15:24:48,52.60885,1.5426838,30100.0,-67.0,[-80.08165],13.081649780273438,13.081649780273438
2024-11-26 15:24:49,52.6088636,1.5426426,30200.0,-71.0,[-80.14847],9.148468017578125,9.148468017578125
2024-11-26 15:24:50,52.6088802,1.5425897,30200.0,-71.0,[-80.062744],9.062744140625,9.062744140625
2024-11-26 15:24:51,52.6088932,1.5425467,30100.0,-71.0,[-79.95971],8.959709167480469,8.959709167480469
2024-11-26 15:24:52,52.6089156,1.5424712,30100.0,-71.0,[-79.81612],8.816116333007812,8.816116333007812
2024-11-26 15:24:53,52.6089317,1.5424185,30000.0,-63.0,[-79.67549],16.675491333007812,16.675491333007812
2024-11-26 15:24:54,52.6089456,1.5423773,30000.0,-63.0,[-79.57889],16.578887939453125,16.578887939453125
2024-11-26 15:24:54,52.6089456,1.5423773,30000.0,-67.0,[-79.57889],12.578887939453125,12.578887939453125
2024-11-26 15:24:55,52.6089616,1.542333,30100.0,-67.0,[-79.52105],12.521049499511719,12.521049499511719
2024-11-26 15:24:56,52.6089711,1.5423067,30100.0,-67.0,[-79.45392],12.45391845703125,12.45391845703125
2024-11-26 15:24:57,52.608988,1.5422533,30100.0,-67.0,[-79.25937],12.259368896484375,12.259368896484375
2024-11-26 15:24:58,52.6089914,1.542243,30100.0,-67.0,[-79.23485],12.234848022460938,12.234848022460938
2024-11-26 15:24:59,52.6090021,1.5422488,30100.0,-67.0,[-79.22831],12.228309631347656,12.228309631347656
2024-11-26 15:25:00,52.6090115,1.5422834,30000.0,-75.0,[-79.230896],4.23089599609375,4.23089599609375
2024-11-26 15:25:00,52.6090115,1.5422834,30000.0,-75.0,[-79.230896],4.23089599609375,4.23089599609375
2024-11-26 15:25:01,52.6090298,1.542363,30000.0,-75.0,[-79.38804],4.388038635253906,4.388038635253906
2024-11-26 15:25:02,52.6090354,1.5423856,30200.0,-75.0,[-79.58787],4.587867736816406,4.587867736816406
2024-11-26 15:25:03,52.6090498,1.5424491,30200.0,-75.0,[-79.69964],4.699638366699219,4.699638366699219
2024-11-26 15:25:04,52.6090527,1.5424631,30200.0,-75.0,[-79.74914],4.749137878417969,4.749137878417969
2024-11-26 15:25:05,52.6090531,1.5424595,28700.0,-75.0,[-78.817215],3.8172149658203125,3.8172149658203125
2024-11-26 15:25:06,52.6090549,1.5424634,28700.0,-75.0,[-78.84925],3.8492507934570312,3.8492507934570312
