gps.lat,gps.lon,altitudeAMSL,localPosition.x,localPosition.y,localPosition.z,pressure,temperature,humidity,gas_resistance,distance_to_tower,azimuth,elevation_angle
52.6081822,1.5428175,15200,1.7,1.1,-3.7,1016.595338,7.380195313,77.82039927,3013426,0.000247146,172.1420115,-86.12358429
52.6081822,1.5428175,15200,1.7,1.1,-3.7,1016.59947,7.424921875,77.87603734,325907,0.000247146,172.1420115,-86.12358429
52.6081821,1.5428175,15200,1.7,1.1,-3.7,1016.606686,7.510664063,77.88858722,341903,0.000236128,171.7728299,-86.12358429
52.6081819,1.5428174,15200,1.6,1.1,-3.7,1016.613139,7.596992188,77.88019094,355432,0.000215301,169.1443462,-86.53177074
52.6081816,1.5428172,15200,1.6,1.1,-3.7,1016.618429,7.673359375,77.82123948,365322,0.000186112,163.1100729,-86.53177074
52.6081806,1.5428137,15200,1.6,1.1,-3.7,1016.622888,7.739960938,77.73282546,384312,0.000298851,102.9406227,-86.53177074
52.6081794,1.5428096,15800,1.4,0.8,-4.3,1016.620099,7.7815625,77.63376901,393392,0.000572948,83.29146896,-82.13824652
52.6081794,1.5428096,15800,1.4,0.8,-4.3,1016.616389,7.825703125,77.52812015,405063,0.000572948,83.29146896,-82.13824652
52.6081797,1.5428107,15800,1.4,0.8,-4.3,1016.621359,7.849335938,77.41951172,406752,0.000495653,86.12846444,-82.13824652
52.6081804,1.542812,18500,1.5,0.8,-7,1016.623674,7.879609375,77.30492636,416429,0.000408891,96.26497204,-85.58222566
52.6081812,1.5428131,18500,1.5,0.8,-7,1016.627763,7.901679688,77.19619151,422355,0.000357795,111.9633282,-85.58222566
52.6081855,1.5428258,20200,2,1.7,-8.7,1016.627804,7.923359375,77.06647141,429260,0.000808573,220.7353125,-86.10104311
52.6081966,1.5428762,20200,2,1.7,-8.7,1016.628565,7.937226563,76.97062598,433622,0.00435395,244.8411769,-86.10104311
52.6082042,1.5429124,20300,4.1,7.8,-8.8,1016.627804,7.949140625,76.85357572,439202,0.006938855,247.1129839,-50.33886662
52.6082042,1.5429124,20300,4.1,7.8,-8.8,1016.633305,7.966914063,76.76537126,441760,0.006938855,247.1129839,-50.33886662
52.6082018,1.5429235,20300,4.1,7.8,-8.8,1016.641602,7.980195313,76.65560359,449615,0.007547417,251.2079789,-50.33886662
52.608191,1.542925,20500,1.4,8.4,-9,1016.639307,7.982929688,76.54435054,451698,0.007351174,260.391512,-50.44639716
52.608167,1.5429279,20500,1.4,8.4,-9,1016.641523,7.988398438,76.44052344,453498,0.007584247,281.0227236,-50.44639716
52.6081187,1.5429205,20500,1.4,8.4,-9,1016.629887,7.98546875,76.33552169,460846,0.009733781,314.562049,-50.44639716
52.6080914,1.5429099,21400,-6.9,7.7,-9.9,1016.629887,7.98546875,76.34946223,461157,0.011660377,327.7939826,-41.76024942
52.6080569,1.5428942,21400,-6.9,7.7,-9.9,1016.631769,7.983515625,76.40494873,465878,0.014638777,339.3987199,-41.76024942
52.6080569,1.5428942,21400,-6.9,7.7,-9.9,1016.614578,7.98546875,76.07777771,471672,0.014638777,339.3987199,-41.76024942
52.6080289,1.5428835,22200,-15.8,5.5,-10.6,1016.583237,7.99328125,75.98146319,474623,0.017389864,345.2519953,-29.67627644
52.607994,1.542873,22200,-15.8,5.5,-10.6,1016.531633,8.01046875,75.90741766,478281,0.021030553,349.8200679,-29.67627644
52.6079582,1.5428638,23000,-24.7,3.9,-11.5,1016.44848,8.02296875,75.84662592,481655,0.024875903,352.8526994,-22.78268964
52.6079154,1.5428521,23000,-24.7,3.9,-11.5,1016.361649,8.038398438,75.7028512,485078,0.029534869,355.5251418,-22.78268964
52.6078799,1.542841,23000,-24.7,3.9,-11.5,1016.276466,8.050703125,75.35042553,488899,0.033431119,357.3353045,-22.78268964
52.6078799,1.542841,23000,-24.7,3.9,-11.5,1016.194946,8.045625,75.15546635,491716,0.033431119,357.3353045,-22.78268964
52.6078439,1.5428293,23900,-33.7,2.3,-12.4,1016.142995,8.048164063,75.01720243,492781,0.037408663,358.8303696,-18.76812148
52.6078156,1.5428209,23900,-33.7,2.3,-12.4,1016.104611,8.06203125,75.22717882,495284,0.040550498,359.7231049,-18.76812148
52.6077812,1.5428106,25000,-42.7,0.6,-13.5,1016.080706,8.070234375,75.20755469,498903,0.044380847,0.645590641,-16.4715864
52.6077394,1.5427971,25000,-42.7,0.6,-13.5,1016.044893,8.085664063,74.67638697,500733,0.049049911,1.649987862,-16.4715864
52.6077041,1.5427865,25900,-51.6,-1.1,-14.4,1016.012112,8.097773438,75.16991653,503317,0.053000592,2.301760633,-14.72923454
52.6076757,1.5427792,25900,-51.6,-1.1,-14.4,1015.940521,8.110078125,74.41712276,508188,0.056179458,2.675014103,-14.72923454
52.6076757,1.5427792,25900,-51.6,-1.1,-14.4,1015.891505,8.1175,74.81938337,507810,0.056179458,2.675014103,-14.72923454
52.60764,1.542769,26800,-60.6,-2.6,-15.3,1015.84037,8.132929688,74.19935283,510850,0.060182206,3.154004895,-13.44589998
52.6076037,1.5427587,26800,-60.6,-2.6,-15.3,1015.805099,8.1425,74.06267984,515869,0.064255714,3.575533233,-13.44589998
52.6075542,1.5427443,26800,-60.6,-2.6,-15.3,1015.754698,8.150117188,73.95339577,522182,0.069817066,4.090648493,-13.44589998
52.6075263,1.5427345,27700,-69.6,-4.1,-16.2,1015.702044,8.156367188,73.83018422,519401,0.072962601,4.435455662,-12.47705907
52.6074911,1.5427233,27700,-69.6,-4.1,-16.2,1015.662901,8.170820313,73.74265628,524187,0.076927983,4.771852858,-12.47705907
52.6074624,1.5427148,28700,-78.6,-5.9,-17.2,1015.634609,8.185664063,73.64144327,520987,0.080159172,4.99109462,-11.78497534
52.6074624,1.5427148,28700,-78.6,-5.9,-17.2,1015.599892,8.228632813,73.58558524,527427,0.080159172,4.99109462,-11.78497534
52.6074265,1.5427052,28700,-78.6,-5.9,-17.2,1015.557623,8.232929688,73.44853239,529883,0.084196114,5.194368252,-11.78497534
52.6073777,1.5426916,29500,-87.6,-7.4,-18,1015.508767,8.245625,73.35402236,530707,0.089688734,5.464990926,-11.11022727
52.6073558,1.5426846,29500,-87.6,-7.4,-18,1015.461444,8.245820313,73.24402721,531120,0.092160194,5.613445838,-11.11022727
52.6073381,1.5426777,29500,-87.6,-7.4,-18,1015.419356,8.280195313,73.21453558,532778,0.094166566,5.778566831,-11.11022727
52.6073325,1.5426686,30100,-92.6,-8.4,-18.6,1015.373802,8.318671875,73.09629781,536969,0.094850365,6.110251594,-10.87900797
52.607341,1.5426108,30100,-92.6,-8.4,-18.6,1015.331282,8.329023438,73.01533641,538663,0.094412234,8.529078917,-10.87900797
52.607341,1.5426108,30100,-92.6,-8.4,-18.6,1015.285105,8.327851563,72.88471936,539941,0.094412234,8.529078917,-10.87900797
52.6073539,1.5425544,30200,-91.3,-15,-18.7,1015.23987,8.359296875,72.85485642,542948,0.093645849,10.96636259,-10.98022354
52.6073674,1.542512,30200,-91.3,-15,-18.7,1015.205942,8.35109375,72.71647942,546424,0.092770892,12.8807016,-10.98022354
52.6073851,1.5424593,30200,-87,-23,-18.6,1015.175325,8.343867188,72.61260369,544246,0.091732591,15.32446401,-11.20532275
52.6073997,1.542417,30200,-87,-23,-18.6,1015.133649,8.345429688,72.54428231,548179,0.090981109,17.33183067,-11.20532275
52.6074172,1.5423656,30200,-82.4,-31,-18.6,1015.089763,8.366328125,72.4718603,546862,0.090246746,19.80666962,-11.43279475
52.6074172,1.5423656,30200,-82.4,-31,-18.6,1015.041277,8.367890625,72.38988483,549503,0.090246746,19.80666962,-11.43279475
52.6074414,1.5422937,30200,-82.4,-31,-18.6,1014.997611,8.389960938,72.33136987,552617,0.08953676,23.31935151,-11.43279475
52.6074548,1.5422522,30200,-82.4,-31,-18.6,1014.944698,8.395039063,72.21572371,556219,0.08933954,25.35086356,-11.43279475
52.6074719,1.5421999,30200,-78.1,-39.1,-18.7,1014.902901,8.404804688,72.1692031,556219,0.089231215,27.92706694,-11.57423443
52.6074889,1.542149,30200,-78.1,-39.1,-18.7,1014.85797,8.401289063,72.04559521,560788,0.089265443,30.44879109,-11.57423443
52.6075032,1.5421083,30300,-73.7,-46.9,-18.7,1014.820123,8.412421875,71.97195888,561249,0.08935106,32.48817384,-11.56783599
52.6075289,1.542037,30300,-73.7,-46.9,-18.7,1014.789129,8.409101563,71.90314945,558038,0.089715061,36.07010282,-11.56783599
52.6075289,1.542037,30300,-73.7,-46.9,-18.7,1014.779311,8.415546875,72.1228295,560328,0.089715061,36.07010282,-11.56783599
52.607544,1.5419947,30100,-69.2,-54.8,-18.6,1014.769884,8.4284375,72.28202814,567313,0.090108599,38.17073815,-11.39140358
52.6075604,1.5419456,30100,-69.2,-54.8,-18.6,1014.71206,8.441914063,72.01712335,564965,0.090811148,40.53124341,-11.39140358
52.6075716,1.5419104,30100,-65.8,-61.1,-18.6,1014.672626,8.44484375,71.91500519,570155,0.09145434,42.17336185,-11.20786629
52.6075814,1.5418778,30100,-65.8,-61.1,-18.6,1014.650438,8.448945313,71.90191459,565902,0.092162192,43.64541807,-11.20786629
52.6076044,1.5418178,30100,-65.8,-61.1,-18.6,1014.62336,8.443867188,71.83971001,569680,0.093240237,46.53881719,-11.20786629
52.6076282,1.5417921,30300,-61.2,-67.4,-18.8,1014.60554,8.448554688,71.78572418,568730,0.09273857,48.46756784,-11.18225395
52.6076282,1.5417921,30300,-61.2,-67.4,-18.8,1014.595909,8.453046875,71.73855222,567784,0.09273857,48.46756784,-11.18225395
52.607659,1.5417589,30300,-61.2,-67.4,-18.8,1014.589108,8.463398438,71.69903918,570155,0.092243985,50.98973539,-11.18225395
52.6076878,1.5417272,30300,-53.5,-72.4,-18.8,1014.586511,8.4690625,71.66570137,572067,0.091980301,53.38539742,-11.30752492
52.6077121,1.5417021,30300,-53.5,-72.4,-18.8,1014.575853,8.477070313,71.57810445,574474,0.091791399,55.37538087,-11.30752492
52.6077533,1.5416575,30200,-45.8,-77.4,-18.7,1014.564321,8.473164063,71.53662169,579841,0.09184324,58.80552036,-11.26532008
52.6077819,1.541626,30200,-45.8,-77.4,-18.7,1014.562918,8.4909375,71.49818362,577389,0.092104011,61.1901335,-11.26532008
52.6077819,1.541626,30200,-45.8,-77.4,-18.7,1014.557941,8.493085938,71.45756378,580334,0.092104011,61.1901335,-11.26532008
52.6078016,1.5416043,30200,-45.8,-77.4,-18.7,1014.552998,8.498359375,71.44466362,579349,0.092375844,62.82325182,-11.26532008
52.607818,1.5415871,30200,-39.6,-81.6,-18.7,1014.558939,8.496796875,71.4103521,581322,0.092606133,64.15895963,-11.18210582
52.6078248,1.5415815,30200,-39.6,-81.6,-18.7,1014.560737,8.495820313,71.28752646,584308,0.09262243,64.68334369,-11.18210582
52.6078202,1.5416139,30200,-38.2,-81.3,-18.7,1014.573425,8.498359375,71.28788144,585812,0.090866656,63.79944495,-11.2872658
52.6078094,1.5416653,30200,-38.2,-81.3,-18.7,1014.595204,8.505390625,71.37065045,583309,0.088309099,62.10132767,-11.2872658
52.607798,1.5417054,30300,-41.2,-73.8,-18.8,1014.577156,8.50890625,71.16673502,586315,0.086532439,60.51629378,-12.01689357
52.607798,1.5417054,30300,-41.2,-73.8,-18.8,1014.561648,8.521210938,70.89620851,583808,0.086532439,60.51629378,-12.01689357
52.6077824,1.5417567,30300,-41.2,-73.8,-18.8,1014.547291,8.521796875,71.12086766,590371,0.084419606,58.32825438,-12.01689357
52.6077689,1.5417977,30300,-45.5,-65.8,-18.8,1014.544821,8.529609375,71.169627,594484,0.082886626,56.43530736,-12.65002155
52.6077507,1.5418482,30300,-45.5,-65.8,-18.8,1014.542284,8.531171875,71.08132647,585812,0.08123041,53.90928348,-12.65002155
52.607725,1.5419187,30300,-45.5,-65.8,-18.8,1014.547784,8.558320313,71.064694,593451,0.079215375,50.19995061,-12.65002155
52.6077111,1.5419605,30300,-50.1,-58.1,-18.8,1014.558641,8.558710938,71.0375209,595002,0.078083902,47.99769531,-13.15159091
52.6076939,1.5420131,30300,-50.1,-58.1,-18.8,1014.553759,8.559882813,70.95602216,594484,0.076806303,45.15767165,-13.15159091
52.6076939,1.5420131,30300,-50.1,-58.1,-18.8,1014.567219,8.564960938,70.9159107,596562,0.076806303,45.15767165,-13.15159091
52.6076797,1.5420556,30300,-54.4,-50.1,-18.7,1014.568086,8.566523438,70.88891965,599707,0.075940547,42.78098745,-13.53628362
52.6076548,1.5421302,30300,-54.4,-50.1,-18.7,1014.585913,8.561835938,70.86786196,593451,0.074744111,38.49402358,-13.53628362
52.6076372,1.542182,30200,-58.9,-41.9,-18.7,1014.621951,8.55890625,70.62954833,597607,0.074193982,35.43293617,-13.82925631
52.6076235,1.5422223,30200,-58.9,-41.9,-18.7,1014.651468,8.553046875,70.48611875,598130,0.073915104,33.02533321,-13.82925631
52.6076067,1.5422722,30200,-58.9,-41.9,-18.7,1014.663644,8.55734375,70.43919784,597607,0.073736515,30.033583,-13.82925631
52.6075899,1.5423218,30200,-63.2,-34.1,-18.7,1014.667849,8.55265625,70.77818776,602352,0.073769335,27.05024445,-13.91951446
52.6075899,1.5423218,30200,-63.2,-34.1,-18.7,1014.666118,8.559882813,70.41240202,600762,0.073769335,27.05024445,-13.91951446
52.6075764,1.5423627,30200,-63.2,-34.1,-18.7,1014.676203,8.557734375,70.39853122,601821,0.073911231,24.61071255,-13.91951446
52.6075529,1.5424367,30200,-67.5,-26.1,-18.7,1014.674759,8.56203125,70.39234118,605022,0.074410297,20.26604466,-13.83036334
52.60754,1.5424793,30200,-67.5,-26.1,-18.7,1014.670583,8.559492188,70.35127715,600762,0.074823382,17.81607647,-13.83036334
52.6075241,1.5425322,30300,-71.6,-18.1,-18.8,1014.678619,8.574726563,70.33303619,604486,0.075512101,14.82116703,-13.65693685
52.6075081,1.5425854,30300,-71.6,-18.1,-18.8,1014.67788,8.5753125,70.33311744,605022,0.076410637,11.87204498,-13.65693685
52.6075081,1.5425854,30300,-71.6,-18.1,-18.8,1014.688608,8.573554688,70.29895571,602884,0.076410637,11.87204498,-13.65693685
52.6074952,1.5426267,30400,-75.7,-10,-18.8,1014.68787,8.574140625,70.29225396,607715,0.077297874,9.627980916,-13.2533435
52.607478,1.5426773,30400,-75.7,-10,-18.8,1014.703103,8.595820313,70.28847623,610432,0.07869712,6.93945069,-13.2533435
52.6074563,1.5427407,30400,-75.7,-10,-18.8,1014.710397,8.601289063,70.27566907,611525,0.080702595,3.711179778,-13.2533435
52.6074387,1.5427947,30400,-80.2,-2.1,-18.9,1014.721542,8.59875,70.36350696,611525,0.082506127,1.093473403,-12.73306752
52.6074213,1.5428472,30400,-80.2,-2.1,-18.9,1014.727004,8.602070313,70.21474397,612623,0.08445045,358.6611475,-12.73306752
52.6074012,1.5429079,30400,-84.5,6,-18.9,1014.733433,8.616328125,70.2167195,614277,0.086877711,355.990198,-12.10907056
52.6074012,1.5429079,30400,-84.5,6,-18.9,1014.740018,8.61515625,70.16909793,618731,0.086877711,355.990198,-12.10907056
52.6073847,1.5429586,30400,-84.5,6,-18.9,1014.740633,8.633125,70.18514606,613724,0.089011164,353.8723619,-12.10907056
52.6073676,1.5430092,30300,-88.7,13.9,-18.8,1014.735136,8.616328125,70.10825677,614830,0.09132615,351.8663445,-11.40961868
52.6073534,1.5430502,30300,-88.7,13.9,-18.8,1014.73019,8.621601563,70.10898676,612623,0.093318442,350.3193319,-11.40961868
52.6073383,1.5430931,30200,-92.6,20.8,-18.7,1014.718915,8.621992188,70.09548678,618731,0.095499489,348.7740146,-10.77092559
52.6073289,1.5431199,30200,-92.6,20.8,-18.7,1014.715317,8.623945313,70.0822039,618731,0.096892523,347.843862,-10.77092559
52.6073167,1.5431616,30200,-92.6,20.8,-18.7,1014.707029,8.625117188,70.04848675,619292,0.098846803,346.412478,-10.77092559
52.6073167,1.5431616,30200,-92.6,20.8,-18.7,1014.691608,8.615742188,70.0404146,618170,0.098846803,346.412478,-10.77092559
52.607307,1.5432168,30200,-95.6,26.8,-18.7,1014.68515,8.608710938,70.01234391,615939,0.100833112,344.495628,-10.32097653
52.6073125,1.5432536,30200,-95.6,26.8,-18.7,1014.680199,8.59328125,69.9898897,619854,0.100944018,343.0421756,-10.32097653
52.6073209,1.543309,30200,-94.2,34.3,-18.7,1014.676115,8.579414063,69.98797322,619292,0.101220957,340.8597857,-10.23771132
52.6073269,1.5433541,30200,-94.2,34.3,-18.7,1014.664774,8.573554688,69.97361776,620418,0.101641792,339.1125617,-10.23771132
52.6073333,1.5434112,30300,-92.4,43.1,-18.8,1014.665254,8.568671875,69.97971594,625534,0.102431792,336.9527349,-10.14058579
52.6073333,1.5434112,30300,-92.4,43.1,-18.8,1014.654076,8.568085938,69.97286224,625534,0.102431792,336.9527349,-10.14058579
52.6073409,1.5434833,30300,-92.4,43.1,-18.8,1014.657318,8.5628125,69.9924525,624961,0.103682397,334.2900641,-10.14058579
52.6073437,1.5435088,30300,-92.4,43.1,-18.8,1014.665283,8.561445313,69.99903694,627258,0.104166445,333.3612308,-10.14058579
52.6073464,1.5435235,30300,-91.4,48.6,-18.8,1014.672122,8.55421875,69.97094676,624390,0.104350438,332.7994372,-10.0013335
52.6073498,1.5435157,30300,-91.4,48.6,-18.8,1014.680855,8.545039063,70.23396778,619854,0.103772516,332.9628693,-10.0013335
52.6073746,1.543445,30300,-89,45.1,-18.7,1014.736835,8.536640625,69.97529171,624961,0.099179794,334.6975627,-10.3066499
52.6073899,1.5434,30300,-89,45.1,-18.7,1014.740342,8.546015625,69.97658638,624390,0.09635699,335.9001644,-10.3066499
52.6073899,1.5434,30300,-89,45.1,-18.7,1014.742749,8.542304688,70.25393263,627835,0.09635699,335.9001644,-10.3066499
52.6074031,1.5433659,30300,-85,38.1,-18.8,1014.742529,8.551484375,69.97734169,629572,0.094083539,336.8162776,-11.06444363
52.6074209,1.5433206,30300,-85,38.1,-18.8,1014.748792,8.550117188,69.96360792,629572,0.09107557,338.096529,-11.06444363
52.6074351,1.5432832,30200,-80.5,30.7,-18.7,1014.737681,8.55578125,69.95761795,635432,0.088680251,339.2311173,-11.85152296
52.6074586,1.5432162,30200,-80.5,30.7,-18.7,1014.72679,8.552265625,69.96390462,628413,0.084687749,341.4689631,-11.85152296
52.6074743,1.5431655,30200,-80.5,30.7,-18.7,1014.727117,8.5628125,69.95181698,630153,0.081982086,343.3519014,-11.85152296
52.6074866,1.5431249,30200,-76.4,23,-18.7,1014.722906,8.557148438,69.93749143,628413,0.079912667,344.9558523,-12.73660735
52.6074866,1.5431249,30200,-76.4,23,-18.7,1014.721492,8.55421875,70.00481199,629572,0.079912667,344.9558523,-12.73660735
52.6075025,1.543075,30200,-76.4,23,-18.7,1014.719981,8.552265625,70.00454215,634841,0.0773756,347.0278495,-12.73660735
52.6075149,1.5430365,30200,-72.2,14.9,-18.7,1014.718763,8.557734375,70.07304474,635432,0.075477244,348.7176702,-13.70473675
52.6075375,1.5429696,30200,-72.2,14.9,-18.7,1014.747985,8.544453125,70.41026166,631319,0.072230513,351.8458439,-13.70473675
52.6075536,1.54292,30200,-68,7.1,-18.7,1014.698842,8.545625,70.13913811,631319,0.070046737,354.3527387,-14.68272229
52.6075704,1.5428695,30200,-68,7.1,-18.7,1014.660551,8.536835938,70.30743363,634252,0.067925257,357.0631571,-14.68272229
52.6075826,1.5428317,30200,-68,7.1,-18.7,1014.636746,8.529609375,70.20471053,631319,0.066484477,359.2021407,-14.68272229
52.6075826,1.5428317,30200,-68,7.1,-18.7,1014.619848,8.52140625,70.25782041,639001,0.066484477,359.2021407,-14.68272229
52.6075907,1.542793,29400,-64.4,0.6,-17.9,1014.605519,8.514765625,70.27046437,635432,0.065598506,1.475728795,-14.84954002
52.6075938,1.5427733,29400,-64.4,0.6,-17.9,1014.595464,8.5096875,70.25619812,634841,0.065301923,2.651249589,-14.84954002
52.607595,1.5427792,29100,-63.7,-1.5,-17.6,1014.593406,8.506367188,70.27608356,639600,0.065151184,2.30642968,-14.74356218
52.6075946,1.542789,29100,-63.7,-1.5,-17.6,1014.597645,8.504804688,70.26908536,636024,0.065172269,1.723111393,-14.74356218
52.6075916,1.5427953,29900,-64.1,-0.4,-18.4,1014.601405,8.508125,70.25598184,639001,0.065494545,1.342062654,-15.31662438
52.6075916,1.5427953,29900,-64.1,-0.4,-18.4,1014.611551,8.501875,70.26867981,639600,0.065494545,1.342062654,-15.31662438
52.6075824,1.5428255,29900,-64.1,-0.4,-18.4,1014.604837,8.500898438,70.25498159,636617,0.066502195,359.5633421,-15.31662438
52.6075616,1.5429082,30000,-67.2,6.7,-18.5,1014.605412,8.495039063,70.26095202,640200,0.069085617,354.9382098,-14.6962306
52.6075507,1.5429536,30000,-67.2,6.7,-18.5,1014.598547,8.509492188,70.31721229,646873,0.070627728,352.5451233,-14.6962306
52.607536,1.5429998,30100,-70.9,14.6,-18.6,1014.589393,8.509101563,70.28324426,644430,0.072714171,350.2723969,-13.86971601
52.6075218,1.5430332,30100,-70.9,14.6,-18.6,1014.591772,8.512617188,70.25660366,643822,0.074680519,348.7702058,-13.86971601
52.6075037,1.5430779,30100,-70.9,14.6,-18.6,1014.581395,8.50734375,70.31013152,647486,0.077290012,346.8640412,-13.86971601
52.6075037,1.5430779,30100,-70.9,14.6,-18.6,1014.602019,8.515742188,70.318078,646873,0.077290012,346.8640412,-13.86971601
52.607481,1.5431442,30100,-75.5,21.7,-18.6,1014.646278,8.515742188,70.15533895,645649,0.080862013,344.1778565,-12.85499647
52.6074689,1.5431832,30100,-75.5,21.7,-18.6,1014.725575,8.509101563,70.10697895,647486,0.082907742,342.6787705,-12.85499647
52.6074565,1.5432232,30200,-79.4,29.1,-18.7,1014.781073,8.505585938,70.18782772,645039,0.08506114,341.2168207,-12.06215134
52.6074397,1.5432742,30200,-79.4,29.1,-18.7,1014.796298,8.5065625,70.20152162,639600,0.087985967,339.4833005,-12.06215134
52.6074218,1.5433267,30200,-83.8,37,-18.7,1014.79463,8.5096875,70.22907431,645649,0.091138138,337.8325102,-11.18350522
52.6073977,1.5433991,30200,-83.8,37,-18.7,1014.785649,8.524921875,70.03463443,645649,0.095540522,335.7208369,-11.18350522
52.6073977,1.5433991,30200,-83.8,37,-18.7,1014.7507,8.520234375,70.08818861,644430,0.095540522,335.7208369,-11.18350522
52.6073863,1.5434319,30200,-83.8,37,-18.7,1014.729759,8.521992188,70.00036057,649334,0.097623511,334.8407473,-11.18350522
52.6073775,1.5434568,30300,-87.4,43.6,-18.8,1014.719538,8.511640625,70.22934459,646873,0.099234257,334.2014617,-10.57673536
52.6073748,1.5434621,30300,-87.4,43.6,-18.8,1014.720277,8.511054688,70.26316888,647486,0.099661396,334.0912045,-10.57673536
52.6073806,1.5434378,30300,-87.5,43.1,-18.8,1014.727304,8.501875,69.97726458,648717,0.098367679,334.7875964,-10.58966262
52.6073962,1.5433811,30300,-87.5,43.1,-18.8,1014.723708,8.503828125,69.98430674,645039,0.095197492,336.4297726,-10.58966262
52.607409,1.5433316,30200,-84.2,35.7,-18.7,1014.721164,8.495039063,69.96954882,644430,0.092582563,337.9753888,-11.19794324
52.607409,1.5433316,30200,-84.2,35.7,-18.7,1014.721347,8.482734375,69.97462308,644430,0.092582563,337.9753888,-11.19794324
52.6074235,1.5432801,30200,-84.2,35.7,-18.7,1014.716527,8.479804688,69.97421883,645649,0.089814585,339.6482001,-11.19794324
52.6074366,1.5432396,30100,-80.2,27.8,-18.6,1014.71294,8.492109375,69.97591678,648717,0.087516293,340.9966631,-11.95105224
52.6074543,1.5431895,30100,-80.2,27.8,-18.6,1014.716092,8.498164063,69.98352492,649952,0.084585784,342.7311377,-11.95105224
52.6074784,1.5431189,30100,-80.2,27.8,-18.6,1014.715491,8.51125,69.99887724,653686,0.080690441,345.4021375,-11.95105224
52.6074915,1.5430785,30100,-75.7,19.9,-18.6,1014.709516,8.5096875,70.01220829,656831,0.078621642,347.0601355,-12.89358323
52.6074915,1.5430785,30100,-75.7,19.9,-18.6,1014.710097,8.514179688,70.27038325,651814,0.078621642,347.0601355,-12.89358323
52.6075096,1.5430288,30100,-75.7,19.9,-18.6,1014.712511,8.520820313,70.23739579,654940,0.075955861,349.1896724,-12.89358323
52.6075289,1.5429792,30100,-71.1,12.2,-18.6,1014.716626,8.527460938,70.24509604,653686,0.073272016,351.4498125,-13.90548946
52.6075433,1.5429375,30100,-71.1,12.2,-18.6,1014.702235,8.524921875,70.04818365,656199,0.071312245,353.4977747,-13.90548946
52.6075665,1.5428643,30100,-66.8,4.1,-18.6,1014.715888,8.528046875,70.43513335,649952,0.068341602,357.376013,-14.88821613
52.6075833,1.5428134,30100,-66.8,4.1,-18.6,1014.688842,8.52609375,70.37378678,654313,0.066400835,0.268224014,-14.88821613
52.6075968,1.5427733,30100,-66.8,4.1,-18.6,1014.664846,8.520820313,70.2713027,652437,0.064968447,2.664868095,-14.88821613
52.6075968,1.5427733,30100,-66.8,4.1,-18.6,1014.650675,8.509101563,70.22221281,652437,0.064968447,2.664868095,-14.88821613
52.6076135,1.5427223,30000,-62.4,-3.8,-18.5,1014.641199,8.508515625,70.23569275,656831,0.063371971,5.857259188,-15.74414268
52.6076269,1.5426804,30000,-62.4,-3.8,-18.5,1014.642868,8.505390625,70.25560335,653061,0.062250222,8.590964739,-15.74414268
52.6076503,1.5426053,30200,-58.2,-11.8,-18.6,1014.646402,8.507539063,70.26946389,653686,0.060680039,13.70385198,-16.55710434
52.6076665,1.5425514,30200,-58.2,-11.8,-18.6,1014.642738,8.503242188,70.21462192,653061,0.059927922,17.49899909,-16.55710434
52.6076803,1.5425095,30200,-54,-20,-18.7,1014.630992,8.518867188,70.1964444,658097,0.059403703,20.55130087,-17.08505855
52.6076982,1.5424579,30200,-54,-20,-18.7,1014.621612,8.517304688,70.21656773,660006,0.058903073,24.41191047,-17.08505855
52.6076982,1.5424579,30200,-54,-20,-18.7,1014.622389,8.530195313,70.32008026,656831,0.058903073,24.41191047,-17.08505855
52.6077119,1.5424168,30200,-49.5,-27.9,-18.7,1014.611307,8.528632813,70.26560263,660645,0.058753879,27.49575213,-17.27237055
52.6077347,1.5423433,30200,-49.5,-27.9,-18.7,1014.611696,8.535078125,70.23936955,661926,0.059072696,32.91717324,-17.27237055
52.6077531,1.5422925,30200,-49.5,-27.9,-18.7,1014.625506,8.533125,70.2323183,666449,0.059363572,36.77878428,-17.27237055
52.6077712,1.5422405,30300,-45.2,-36,-18.8,1014.634852,8.5315625,70.22532138,663212,0.059999542,40.6249466,-17.09038021
52.6077842,1.5421986,30300,-45.2,-36,-18.8,1014.636938,8.52765625,70.22478069,663212,0.060832315,43.54084627,-17.09038021
52.6077842,1.5421986,30300,-45.2,-36,-18.8,1014.633658,8.519453125,70.21686504,660645,0.060832315,43.54084627,-17.09038021
52.6077971,1.5421557,30300,-40.9,-44,-18.8,1014.629994,8.51515625,70.22305067,658097,0.061875015,46.4073536,-16.50045753
52.6078235,1.5420713,30300,-40.9,-44,-18.8,1014.619972,8.513203125,70.23634149,663212,0.064284876,51.8251348,-16.50045753
52.6078364,1.5420292,30400,-36.8,-52.1,-18.9,1014.614803,8.517304688,70.19622822,661285,0.065706754,54.34735546,-15.70966653
52.6078531,1.541978,30400,-36.8,-52.1,-18.9,1014.602086,8.521992188,70.18331811,666449,0.067538393,57.34581356,-15.70966653
52.6078665,1.5419378,30400,-36.8,-52.1,-18.9,1014.596912,8.515742188,70.20279165,660645,0.069083454,59.60743972,-15.70966653
52.6078732,1.5419173,30400,-32.5,-60,-18.9,1014.599386,8.51828125,70.23026364,666449,0.069918552,60.71090951,-14.77446117
52.6078732,1.5419173,30400,-32.5,-60,-18.9,1014.588242,8.520820313,70.20349429,661285,0.069918552,60.71090951,-14.77446117
52.6078972,1.5418432,30400,-32.5,-60,-18.9,1014.565891,8.53,70.17764694,663857,0.073151622,64.46422422,-14.77446117
52.6079204,1.5417708,30400,-28.2,-68.1,-18.9,1014.553236,8.530585938,70.24552868,670376,0.076597387,67.79317664,-13.76327185
52.6079342,1.5417299,30400,-28.2,-68.1,-18.9,1014.544887,8.535859375,70.23947772,667100,0.078623054,69.59468979,-13.76327185
52.6079515,1.5416767,30500,-24,-76,-19,1014.537727,8.542890625,70.2472324,669062,0.081389634,71.75255487,-12.86677776
52.6079658,1.5416333,30500,-24,-76,-19,1014.52578,8.550117188,70.2143292,672357,0.08372067,73.41928454,-12.86677776
52.6079863,1.5415727,30600,-20,-83.2,-19.1,1014.525972,8.548164063,70.2276197,670376,0.087071217,75.63261358,-12.10143782
52.6079863,1.5415727,30600,-20,-83.2,-19.1,1014.528031,8.561835938,70.22273219,667753,0.087071217,75.63261358,-12.10143782
52.6079975,1.5415386,30600,-20,-83.2,-19.1,1014.522248,8.558320313,70.16800796,667753,0.089018616,76.7804821,-12.10143782
52.6080097,1.5415004,30600,-20,-83.2,-19.1,1014.51621,8.560859375,70.16835936,669062,0.091248484,77.98392452,-12.10143782
52.608021,1.5414781,30400,-17,-88.7,-18.9,1014.513929,8.556367188,70.18807501,671695,0.09247795,78.94261084,-11.38162215
52.6080493,1.5414673,30400,-17,-88.7,-18.9,1014.519871,8.554804688,70.2285392,673020,0.092649871,80.94575772,-11.38162215
52.6080801,1.5414565,30100,-9.5,-90.8,-18.6,1014.506282,8.547578125,70.20719758,671695,0.092900313,83.10987013,-11.09996432
52.6081292,1.5414357,30100,-9.5,-90.8,-18.6,1014.510974,8.558710938,70.18839944,665151,0.093812267,86.53624724,-11.09996432
52.6081292,1.5414357,30100,-9.5,-90.8,-18.6,1014.523789,8.553046875,70.22151519,675684,0.093812267,86.53624724,-11.09996432
52.6081558,1.5414266,30000,-9.5,-90.8,-18.6,1014.50609,8.54953125,70.15323464,675016,0.09429669,88.35889237,-11.09996432
52.6081689,1.5414236,30000,-9.5,-90.8,-18.6,1014.488358,8.542890625,70.18620979,671035,0.094469521,89.24841673,-11.09996432
52.608176,1.5414287,30100,1,-92.1,-18.6,1014.457941,8.5440625,70.09148256,678370,0.094116999,89.72779985,-11.02630421
52.6081726,1.5414508,30100,1,-92.1,-18.6,1014.459707,8.539960938,70.15191061,675016,0.092622481,89.48879391,-11.02630421
52.6081654,1.5415032,30100,1,-92.1,-18.6,1014.481326,8.552070313,70.26884866,672357,0.089083888,88.95188872,-11.02630421
52.6081654,1.5415032,30100,1,-92.1,-18.6,1014.473937,8.547578125,70.05808967,676354,0.089083888,88.95188872,-11.02630421
52.608155,1.5415479,30100,-1.6,-84.2,-18.6,1014.48913,8.545429688,69.87494015,670376,0.086085914,88.14299024,-12.00877097
52.6081331,1.5416224,30100,-1.6,-84.2,-18.6,1014.529248,8.546015625,69.90887072,677024,0.081162056,86.30354211,-12.00877097
52.6081159,1.5416734,30100,-5.7,-76.3,-18.6,1014.54701,8.545429688,70.09844801,670376,0.077866579,84.7306018,-13.14335791
52.6080896,1.5417435,30100,-5.7,-76.3,-18.6,1014.569588,8.537421875,70.02281285,679721,0.073482217,82.11184404,-13.14335791
52.6080753,1.5417835,29900,-10.4,-68.5,-18.4,1014.589887,8.535273438,70.01574208,677696,0.071042537,80.53746977,-14.2598743
52.608058,1.5418346,29900,-10.4,-68.5,-18.4,1014.630129,8.52765625,70.04856146,677696,0.06798821,78.45338539,-14.2598743
52.608058,1.5418346,29900,-10.4,-68.5,-18.4,1014.677596,8.519257813,70.06095108,677024,0.06798821,78.45338539,-14.2598743
52.6080438,1.5418768,29900,-10.4,-68.5,-18.4,1014.709933,8.50890625,69.95791854,674349,0.065536818,76.59620275,-14.2598743
52.6080262,1.5419288,29900,-14.9,-60.4,-18.4,1014.728118,8.517890625,69.82376275,675016,0.062621692,74.10131285,-15.73946247
52.6080128,1.5419695,29900,-14.9,-60.4,-18.4,1014.74039,8.521210938,69.82422045,680398,0.06041667,72.02170694,-15.73946247
52.6079961,1.5420195,30000,-19.2,-52.6,-18.5,1014.754337,8.531757813,69.88659305,676354,0.057834777,69.23028003,-17.3952006
52.6079716,1.5420902,30000,-19.2,-52.6,-18.5,1014.753277,8.532148438,69.83249619,676354,0.05448544,64.75448319,-17.3952006
52.607957,1.5421312,30200,-23.5,-44.8,-18.7,1014.758753,8.556171875,70.02540364,677696,0.052730357,61.86703089,-19.22042343
52.607957,1.5421312,30200,-23.5,-44.8,-18.7,1014.763122,8.556757813,69.89004264,677696,0.052730357,61.86703089,-19.22042343
52.607939,1.542184,30200,-23.5,-44.8,-18.7,1014.771661,8.54953125,69.82812528,682439,0.050634688,57.95461474,-19.22042343
52.6079254,1.5422275,30300,-27.9,-36.7,-18.8,1014.785342,8.545429688,69.81402431,685178,0.049019266,54.62485897,-20.93102702
52.6079029,1.5423027,30300,-27.9,-36.7,-18.8,1014.792083,8.539179688,69.80639529,681077,0.046576922,48.47424807,-20.93102702
52.607887,1.5423545,30300,-27.9,-36.7,-18.8,1014.809263,8.534101563,69.80569524,677024,0.045265614,43.84970755,-20.93102702
52.6078742,1.542395,30300,-32,-28.6,-18.8,1014.813624,8.524335938,69.79081549,681757,0.044487301,40.03019,-22.24917499
52.6078742,1.542395,30300,-32,-28.6,-18.8,1014.8231,8.524921875,69.79766296,689330,0.044487301,40.03019,-22.24917499
52.607858,1.5424467,30300,-32,-28.6,-18.8,1014.821467,8.531171875,69.80529139,683806,0.043779019,35.00111057,-22.24917499
52.6078411,1.5424993,30300,-36.2,-20.5,-18.7,1014.813885,8.528632813,69.79817443,677696,0.043455153,29.72922121,-22.752239
52.6078175,1.5425713,30300,-36.2,-20.5,-18.7,1014.799267,8.524921875,69.79766296,684491,0.043663548,22.45399592,-22.752239
52.6078038,1.5426131,30300,-40.5,-12.5,-18.8,1014.775661,8.52609375,69.79105774,681757,0.04410435,18.30161393,-22.55368828
52.6077891,1.5426553,30300,-40.5,-12.5,-18.8,1014.769303,8.5284375,69.79814751,680398,0.044873575,14.18466154,-22.55368828
52.6077709,1.5427088,30300,-40.5,-12.5,-18.8,1014.758159,8.530976563,69.79849747,683806,0.046121322,9.207274707,-22.55368828
52.6077709,1.5427088,30300,-40.5,-12.5,-18.8,1014.740301,8.532539063,69.79871284,683806,0.046121322,9.207274707,-22.55368828
52.6077566,1.5427526,30200,-45,-4.5,-18.6,1014.736158,8.533125,69.8190953,683122,0.047323322,5.358670273,-21.18471396
52.6077294,1.5428371,30200,-45,-4.5,-18.6,1014.730217,8.5346875,69.81254326,679045,0.050158952,358.5254981,-21.18471396
52.6077162,1.5428771,30000,-49.3,3.7,-18.5,1014.722799,8.537421875,69.77908603,683122,0.051766198,355.5752251,-19.55527136
52.6077031,1.5429163,30000,-49.3,3.7,-18.5,1014.715928,8.541523438,69.79995131,681077,0.05348507,352.8653559,-19.55527136
52.6076873,1.5429657,30100,-53.5,11.4,-18.6,1014.713228,8.5378125,69.78590628,676354,0.055732632,349.6826788,-17.99873976
52.607671,1.5430161,30100,-53.5,11.4,-18.6,1014.708797,8.541328125,69.79992439,684491,0.058209059,346.7025432,-17.99873976
52.607671,1.5430161,30100,-53.5,11.4,-18.6,1014.710595,8.540351563,69.77948981,681077,0.058209059,346.7025432,-17.99873976
52.6076476,1.5430878,30100,-57.6,19.2,-18.6,1014.71882,8.54328125,69.77312736,682439,0.062000114,342.8949194,-16.39781859
52.6076348,1.5431295,30100,-57.6,19.2,-18.6,1014.714287,8.537421875,69.75878811,691424,0.064234415,340.8653174,-16.39781859
52.6076192,1.5431818,30100,-57.6,19.2,-18.6,1014.730347,8.536835938,69.77223909,682439,0.067095415,338.4985095,-16.39781859
52.6076065,1.543224,30300,-61.8,27.3,-18.8,1014.750645,8.5346875,69.75164582,684491,0.0694929,336.7370809,-15.03042667
52.6075902,1.5432776,30300,-61.8,27.3,-18.8,1014.771073,8.5346875,69.76517707,687248,0.072642892,334.6761678,-15.03042667
52.6075658,1.543353,30300,-65.9,35.4,-18.8,1014.782443,8.533320313,69.74469217,685867,0.077362346,332.1231309,-13.67478306
52.6075658,1.543353,30300,-65.9,35.4,-18.8,1014.78219,8.539375,69.7387612,686557,0.077362346,332.1231309,-13.67478306
52.607555,1.5433849,30300,-65.9,35.4,-18.8,1014.782929,8.538789063,69.75221094,685178,0.079447929,331.1535825,-13.67478306
52.6075347,1.5434473,30300,-70.3,43.5,-18.7,1014.783024,8.5378125,69.73178104,686557,0.083509576,329.3658123,-12.38036945
52.6075211,1.5434886,30300,-70.3,43.5,-18.7,1014.780481,8.529023438,69.73057038,681757,0.086254656,328.2821222,-12.38036945
52.6074972,1.5435602,30200,-74.7,51.6,-18.6,1014.780481,8.529023438,69.73733519,681077,0.091110807,326.5716448,-11.26313583
52.6074804,1.5436094,30200,-74.7,51.6,-18.6,1014.777007,8.522773438,69.73647432,684491,0.094525338,325.5131345,-11.26313583
52.6074804,1.5436094,30200,-74.7,51.6,-18.6,1014.78333,8.517304688,69.73572112,684491,0.094525338,325.5131345,-11.26313583
52.6074652,1.5436523,30200,-74.7,51.6,-18.6,1014.760454,8.507539063,69.74114111,685178,0.097577285,324.6716944,-11.26313583
52.607456,1.5436806,30200,-78.5,58.4,-18.7,1014.746932,8.5065625,69.74100663,685867,0.099527013,324.1138309,-10.5385243
52.6074463,1.5437133,30200,-78.5,58.4,-18.7,1014.732992,8.506367188,69.75451002,687940,0.101708033,323.461159,-10.5385243
52.6074363,1.5437496,30200,-81.3,64,-18.7,1014.742632,8.512226563,69.76884832,689330,0.104076,322.7402253,-9.985256851
52.6074392,1.5437824,30200,-81.3,64,-18.7,1014.741668,8.511640625,69.77553355,684491,0.105185095,321.6718027,-9.985256851
52.6074528,1.5438088,30000,-78.8,68.9,-18.5,1014.750275,8.510664063,69.77539902,683122,0.105135929,320.396257,-9.776701842
52.6074528,1.5438088,30000,-78.8,68.9,-18.5,1014.739897,8.505390625,69.77467255,690725,0.105135929,320.396257,-9.776701842
52.6074756,1.5438641,30000,-78.8,68.9,-18.5,1014.738141,8.51984375,69.79696311,683806,0.105670761,317.9547316,-9.776701842
52.6074927,1.5439081,30200,-74.5,75.6,-18.7,1014.733225,8.517890625,69.7899273,689330,0.106315438,316.0754099,-9.762879643
52.6075015,1.5439329,30200,-74.5,75.6,-18.7,1014.725165,8.520234375,69.89177315,690725,0.106794653,315.0620645,-9.762879643
52.6075103,1.543955,30200,-74.5,75.6,-18.7,1014.735345,8.517109375,69.77628699,691424,0.107175444,314.1259095,-9.762879643
52.6075129,1.543952,30200,-72.7,77.7,-18.7,1014.739679,8.514570313,69.74887456,683806,0.106828225,314.0901773,-9.743574086
52.6075284,1.5439054,30200,-72.7,77.7,-18.7,1014.747574,8.506953125,70.05925106,690026,0.103363899,314.6186499,-9.743574086
52.6075284,1.5439054,30200,-72.7,77.7,-18.7,1014.754227,8.51203125,69.76882141,685867,0.103363899,314.6186499,-9.743574086
52.6075432,1.5438694,30300,-69.1,71.8,-18.8,1014.780951,8.513789063,69.77582954,691424,0.100471958,314.9249231,-10.44178337
52.6075587,1.5438287,30300,-69.1,71.8,-18.8,1014.806042,8.521796875,69.7701668,690725,0.097303518,315.349977,-10.44178337
52.6075821,1.543771,30200,-65.1,65.3,-18.7,1014.80209,8.520429688,69.76321262,692828,0.092707653,315.9340213,-11.19801349
52.6075918,1.5437451,30200,-65.1,65.3,-18.7,1014.808361,8.529414063,69.9268917,691424,0.090712561,316.2545485,-11.19801349
52.6076108,1.5436881,30200,-65.1,65.3,-18.7,1014.818548,8.536640625,69.91434742,686557,0.08652361,317.1301131,-11.19801349
52.6076108,1.5436881,30200,-65.1,65.3,-18.7,1014.821153,8.541328125,69.88791344,692828,0.08652361,317.1301131,-11.19801349
52.6076235,1.5436469,30100,-61,58.1,-18.6,1014.846566,8.54953125,70.23458979,690026,0.083594626,317.8704907,-12.15102082
52.60764,1.5435958,30100,-61,58.1,-18.6,1014.833946,8.553242188,70.12663649,693532,0.079920196,318.824504,-12.15102082
52.60766,1.543535,30200,-56.9,50.3,-18.7,1014.770697,8.548945313,69.976991,689330,0.075548862,320.0599568,-13.48547193
52.6076805,1.5434717,30200,-56.9,50.3,-18.7,1014.730319,8.5440625,70.11858949,694237,0.071067874,321.5248948,-13.48547193
52.6076909,1.5434396,30100,-52.6,42.3,-18.6,1014.701407,8.536835938,70.01595793,691424,0.068814662,322.3400912,-14.99214814
52.6077114,1.5433744,30100,-52.6,42.3,-18.6,1014.681435,8.54953125,70.04480953,697785,0.064341788,324.2068462,-14.99214814
52.6077114,1.5433744,30100,-52.6,42.3,-18.6,1014.667173,8.549140625,70.07185662,690725,0.064341788,324.2068462,-14.99214814
52.6077278,1.5433205,30200,-48.3,34.1,-18.7,1014.670007,8.565351563,70.10120312,693532,0.060753105,325.9881673,-17.03805028
52.6077407,1.543278,30200,-48.3,34.1,-18.7,1014.677234,8.564570313,70.06721422,697072,0.057972434,327.5487153,-17.03805028
52.6077627,1.5432047,30200,-48.3,34.1,-18.7,1014.67042,8.55421875,69.99126525,702814,0.053316243,330.6321541,-17.03805028
52.6077722,1.5431739,30200,-44.2,26,-18.7,1014.658628,8.546015625,69.97658638,697072,0.051386703,332.077462,-19.3757841
52.6077912,1.5431125,30200,-44.2,26,-18.7,1014.649986,8.543867188,69.99660852,689330,0.047643503,335.2987114,-19.3757841
52.6078092,1.5430627,30400,-40,18.1,-18.9,1014.645872,8.537226563,70.02278587,692828,0.044467549,338.1617002,-22.40905435
52.6078092,1.5430627,30400,-40,18.1,-18.9,1014.642125,8.564960938,70.01984409,697072,0.044467549,338.1617002,-22.40905435
52.6078239,1.5430233,30400,-40,18.1,-18.9,1014.632036,8.556757813,70.02548461,694237,0.041996173,340.7048064,-22.40905435
52.6078474,1.5429549,30300,-35.5,10.2,-18.8,1014.619348,8.55421875,69.97094676,694944,0.038155595,345.9663174,-25.74680301
52.607863,1.5429048,30300,-35.5,10.2,-18.8,1014.615781,8.548945313,69.98376379,696361,0.035762135,350.5593029,-25.74680301
52.6078759,1.5428633,30300,-35.5,10.2,-18.8,1014.614601,8.578242188,70.02845415,697785,0.033978768,354.8310734,-25.74680301
52.6078925,1.542812,30500,-31.5,2.3,-18.9,1014.606215,8.570039063,69.93250002,700650,0.031995259,0.72608788,-29.19023616
52.6079059,1.5427703,30500,-31.5,2.3,-18.9,1014.601234,8.561835938,69.98554446,700650,0.03067223,6.03252897,-29.19023616
52.6079059,1.5427703,30500,-31.5,2.3,-18.9,1014.587489,8.570039063,69.96635951,699214,0.03067223,6.03252897,-29.19023616
52.6079288,1.5426959,30300,-27.3,-5.6,-18.8,1014.579424,8.56203125,69.90431086,699931,0.029151364,16.4450232,-31.76879102
52.6079464,1.5426421,30300,-27.3,-5.6,-18.8,1014.566703,8.556367188,69.96447108,702091,0.028595808,24.57301958,-31.76879102
52.6079604,1.5425995,30300,-22.9,-13.7,-18.8,1014.564745,8.562421875,69.97207981,700650,0.028570224,31.14121189,-32.63991674
52.6079768,1.5425474,30300,-22.9,-13.7,-18.8,1014.565547,8.557734375,69.99175093,701369,0.029109059,38.96197722,-32.63991674
52.6079894,1.5425076,30400,-18.8,-21.7,-18.9,1014.554786,8.556367188,69.99156205,702814,0.029866601,44.6816828,-31.03759847
52.6079894,1.5425076,30400,-18.8,-21.7,-18.9,1014.532334,8.556171875,69.9644441,699214,0.029866601,44.6816828,-31.03759847
52.6080131,1.5424365,30400,-18.8,-21.7,-18.9,1014.520675,8.56046875,69.9514933,699931,0.031825409,54.23019088,-31.03759847
52.6080308,1.5423852,30400,-18.8,-21.7,-18.9,1014.522473,8.559492188,69.99199377,703538,0.033693927,60.41707004,-31.03759847
52.6080446,1.5423464,30500,-14.4,-29.7,-18.9,1014.520578,8.561445313,69.94485635,702091,0.035322576,64.69552149,-27.93727008
52.6080615,1.5422961,30500,-14.4,-29.7,-18.9,1014.533201,8.557734375,69.92402985,699931,0.037734404,69.49908325,-27.93727008
52.608074,1.5422542,30500,-10.2,-37.3,-19,1014.540269,8.56203125,69.94493726,700650,0.039973752,72.79714261,-24.7409158
52.6080953,1.5421776,30500,-10.2,-37.3,-19,1014.536156,8.555390625,69.93047739,701369,0.044394994,77.71268559,-24.7409158
52.6080953,1.5421776,30500,-10.2,-37.3,-19,1014.526521,8.559882813,69.93109762,703538,0.044394994,77.71268559,-24.7409158
52.6081118,1.5421237,30500,-6.2,-45.5,-18.9,1014.521348,8.553632813,69.90992207,701369,0.047642643,80.81137277,-21.30183855
52.6081219,1.5420911,30500,-6.2,-45.5,-18.9,1014.525972,8.548164063,69.90239684,701369,0.049665345,82.50149225,-21.30183855
52.6081429,1.5420261,30500,-6.2,-45.5,-18.9,1014.519739,8.542304688,69.94898516,704264,0.053804664,85.5881456,-21.30183855
52.6081573,1.5419835,30400,-1.9,-53.7,-18.9,1014.510489,8.542890625,69.90166908,702091,0.056588312,87.43485725,-18.55611067
52.6081821,1.5419087,30400,-1.9,-53.7,-18.9,1014.490832,8.545429688,69.9358735,701369,0.06159954,90.21753829,-18.55611067
52.6081989,1.5418586,30300,2.6,-62,-18.7,1014.48489,8.546992188,69.990267,704264,0.06502705,91.85766348,-16.12264941
52.6081989,1.5418586,30300,2.6,-62,-18.7,1014.473874,8.551679688,69.9909145,704991,0.06502705,91.85766348,-16.12264941
52.6082111,1.5418203,30300,2.6,-62,-18.7,1014.468959,8.549726563,69.93646671,697785,0.067676138,92.93810431,-16.12264941
52.6082232,1.5417817,30200,6.6,-69.5,-18.7,1014.46642,8.5409375,69.95556825,702091,0.070366879,93.92661534,-14.45782561
52.6082489,1.5417003,30200,6.6,-69.5,-18.7,1014.46883,8.547578125,69.98357495,704264,0.076103966,95.79591667,-14.45782561
52.6082667,1.541651,30300,10.8,-77.5,-18.7,1014.464525,8.542890625,69.93552299,702091,0.079643028,96.9745022,-12.98904079
52.6082808,1.5416114,30300,10.8,-77.5,-18.7,1014.47458,8.54796875,69.9565391,700650,0.082505173,97.83249015,-12.98904079
52.6082961,1.5415663,30300,10.8,-77.5,-18.7,1014.489066,8.54953125,69.97029936,704264,0.08577291,98.68380823,-12.98904079
52.6082961,1.5415663,30300,10.8,-77.5,-18.7,1014.4935,8.556367188,69.94415512,703538,0.08577291,98.68380823,-12.98904079
52.6083043,1.5415382,30400,14.8,-84.4,-18.9,1014.502687,8.559882813,69.94464058,704264,0.087794371,99.08633722,-12.04367255
52.6083148,1.5414977,30400,14.8,-84.4,-18.9,1014.52241,8.56359375,69.97224169,706450,0.090690657,99.54327575,-12.04367255
52.6083278,1.5414585,30300,17.4,-90,-18.7,1014.540686,8.56125,69.95160119,702814,0.093554091,100.1494486,-11.17227401
52.6083339,1.5414536,30300,17.4,-90,-18.7,1014.55212,8.55578125,69.93053132,706450,0.09400217,100.5220414,-11.17227401
52.608368,1.5414621,30100,23.5,-90.2,-18.6,1014.560437,8.547382813,69.87520962,704991,0.094205409,102.8610797,-10.94826941
52.608368,1.5414621,30100,23.5,-90.2,-18.6,1014.569462,8.545625,69.94944359,705720,0.094205409,102.8610797,-10.94826941
52.6084159,1.541476,30100,23.5,-90.2,-18.6,1014.569912,8.54796875,69.97685613,702091,0.094625512,106.1434922,-10.94826941
52.6084445,1.5414847,30100,31.6,-88.7,-18.6,1014.582505,8.551484375,69.89608488,704264,0.094996777,108.0906562,-10.85995141
52.6084603,1.5414955,30100,31.6,-88.7,-18.6,1014.581766,8.552070313,69.96387765,707915,0.094864887,109.2395692,-10.85995141
52.608456,1.541517,30100,31.6,-88.7,-18.6,1014.579971,8.563398438,69.93158304,707915,0.093332066,109.2561805,-10.85995141
52.608456,1.541517,30100,31.8,-85,-18.6,1014.580196,8.564570313,69.87758132,713091,0.093332066,109.2561805,-11.25791585
52.6084438,1.5415926,30100,31.8,-85,-18.6,1014.592563,8.566914063,69.64786329,708650,0.088050102,109.5191618,-11.25791585
52.6084438,1.5415926,30100,31.8,-85,-18.6,1014.621855,8.559882813,69.6401331,711605,0.088050102,109.5191618,-11.25791585
52.6084245,1.541659,30200,28.4,-76.7,-18.7,1014.640515,8.553632813,69.79485383,709386,0.083094953,109.1563748,-12.51031529
52.6084078,1.541713,30200,28.4,-76.7,-18.7,1014.66714,8.546015625,69.95626941,711605,0.079031974,108.7509628,-12.51031529
52.6083833,1.5417839,30300,23.9,-68.5,-18.7,1014.701744,8.568085938,69.98640795,708650,0.07361567,107.93855,-14.02231299
52.6083663,1.5418316,30300,23.9,-68.5,-18.7,1014.741446,8.569453125,69.97982387,712347,0.069963999,107.2761969,-14.02231299
52.6083531,1.5418702,30300,23.9,-68.5,-18.7,1014.736497,8.564375,69.6069442,704991,0.067034244,106.7382535,-14.02231299
52.6083394,1.5419101,30300,19.6,-61,-18.8,1014.749468,8.553632813,69.60546583,713837,0.064010869,106.1251572,-15.84073561
52.6083394,1.5419101,30300,19.6,-61,-18.8,1014.75997,8.550703125,69.94337303,707915,0.064010869,106.1251572,-15.84073561
52.6083226,1.5419612,30300,19.6,-61,-18.8,1014.75059,8.549140625,69.61160858,709386,0.060172534,105.326457,-15.84073561
52.6083005,1.5420354,30100,15.4,-53.1,-18.6,1014.750093,8.581953125,69.61612508,705720,0.054685402,104.227452,-17.96721865
52.6082836,1.542087,30100,15.4,-53.1,-18.6,1014.737596,8.577460938,69.8319779,710124,0.050844614,103.1363509,-17.96721865
52.6082696,1.5421278,30100,11.2,-45.1,-18.6,1014.733903,8.580390625,69.67000725,709386,0.047807736,102.0665077,-21.01210498
52.6082519,1.5421775,30100,11.2,-45.1,-18.6,1014.72529,8.571015625,69.59433667,711605,0.044121142,100.4729897,-21.01210498
52.6082519,1.5421775,30100,11.2,-45.1,-18.6,1014.72693,8.575117188,69.57462036,712347,0.044121142,100.4729897,-21.01210498
52.6082341,1.5422277,30100,6.7,-37.3,-18.6,1014.728915,8.561835938,69.586313,707915,0.04043954,98.58210651,-25.05327829
52.6082129,1.5422888,30100,6.7,-37.3,-18.6,1014.739964,8.560273438,69.586098,708650,0.036036262,95.84516012,-25.05327829
52.6081953,1.5423401,30100,6.7,-37.3,-18.6,1014.746159,8.55265625,69.58504995,706450,0.032419316,93.01766832,-25.05327829
52.6081778,1.5423936,30200,2.4,-29.5,-18.7,1014.744677,8.543476563,69.58378709,711605,0.028751353,89.51074795,-30.70842801
52.608164,1.5424377,30200,2.4,-29.5,-18.7,1014.745477,8.538789063,69.57638235,711605,0.02582428,86.03664529,-30.70842801
52.6081413,1.5425135,30200,-2,-21.2,-18.6,1014.748752,8.536640625,69.5896069,707182,0.021072622,78.17910444,-38.61540292
52.6081413,1.5425135,30200,-2,-21.2,-18.6,1014.760121,8.535273438,69.59617917,708650,0.021072622,78.17910444,-38.61540292
52.6081283,1.5425561,30200,-2,-21.2,-18.6,1014.764168,8.535664063,69.58947257,710124,0.018651472,71.99204896,-38.61540292
52.6081116,1.5426078,30000,-6.2,-13,-18.5,1014.764264,8.5346875,69.60285911,708650,0.016146301,61.81509742,-48.01461811
52.6080943,1.5426581,30000,-6.2,-13,-18.5,1014.769221,8.550117188,69.59822137,709386,0.014432012,48.56886222,-48.01461811
52.6080814,1.5427006,30100,-10.5,-5,-18.6,1014.76706,8.537421875,69.58295423,713091,0.013551329,35.86874787,-53.14653175
52.6080662,1.5427547,30100,-10.5,-5,-18.6,1014.769501,8.536835938,69.58963377,707182,0.013369873,18.66409407,-53.14653175
52.6080426,1.5428237,30100,-10.5,-5,-18.6,1014.768079,8.523554688,69.58780701,704991,0.015294593,358.5569037,-53.14653175
52.6080426,1.5428237,30100,-10.5,-5,-18.6,1014.772734,8.521210938,69.6145268,712347,0.015294593,358.5569037,-53.14653175
52.6080273,1.5428612,30100,-14.7,2.9,-18.6,1014.77983,8.51828125,69.60060236,717589,0.017242455,350.2517945,-48.01567598
52.6080091,1.5429091,30100,-14.7,2.9,-18.6,1014.795055,8.519257813,69.62778044,718344,0.019993855,342.062849,-48.01567598
52.6079964,1.5429512,30200,-19.1,10.6,-18.7,1014.805139,8.517109375,69.60044118,710124,0.022334731,336.2234977,-38.88305196
52.6079743,1.5430258,30200,-19.1,10.6,-18.7,1014.80209,8.520429688,69.60765848,710124,0.026872296,328.4724894,-38.88305196
52.6079575,1.5430767,30100,-23.2,18.6,-18.6,1014.811922,8.524335938,69.6284791,713091,0.03033431,324.7755732,-31.0434762
52.6079444,1.5431181,30100,-23.2,18.6,-18.6,1014.813885,8.528632813,69.83877951,707182,0.033176047,322.2776593,-31.0434762
52.6079444,1.5431181,30100,-23.2,18.6,-18.6,1014.806302,8.52609375,69.74369665,713091,0.033176047,322.2776593,-31.0434762
52.6079285,1.5431712,30200,-27.4,26.6,-18.6,1014.799049,8.534101563,69.62982283,708650,0.036820584,319.541738,-25.31004565
52.6079069,1.5432463,30200,-27.4,26.6,-18.6,1014.785874,8.52609375,69.61519851,710864,0.042016841,316.397784,-25.31004565
52.6078938,1.5432882,30200,-27.4,26.6,-18.6,1014.777719,8.529414063,69.61565531,713091,0.045043464,315.0667566,-25.31004565
52.6078765,1.5433407,30300,-31.4,34.7,-18.8,1014.785067,8.520429688,69.62794167,710864,0.048933276,313.7162017,-21.39938809
52.6078621,1.5433829,30300,-31.4,34.7,-18.8,1014.789237,8.512617188,69.63362831,710864,0.0521143,312.821615,-21.39938809
52.6078621,1.5433829,30300,-31.4,34.7,-18.8,1014.791833,8.506953125,69.62608776,710864,0.0521143,312.821615,-21.39938809
52.6078444,1.5434359,30300,-36,42.8,-18.8,1014.793501,8.503828125,69.62565792,712347,0.056096563,311.8092949,-18.18901861
52.6078278,1.5434881,30300,-36,42.8,-18.8,1014.785181,8.501875,69.63891214,713091,0.059972965,310.8767489,-18.18901861
52.6078081,1.5435484,30300,-40.2,50.8,-18.7,1014.771589,8.494648438,69.6446798,712347,0.064505484,309.9790903,-15.77283932
52.6077921,1.5435974,30300,-40.2,50.8,-18.7,1014.760411,8.4940625,69.67164809,716835,0.06819829,309.337004,-15.77283932
52.6077855,1.5436174,30300,-40.2,50.8,-18.7,1014.752317,8.49328125,69.66477806,714584,0.069712695,309.0994152,-15.77283932
52.6077612,1.5436893,30200,-44.4,58.5,-18.7,1014.737639,8.493671875,69.6783571,713837,0.075205457,308.3625746,-13.99915417
52.6077612,1.5436893,30200,-44.4,58.5,-18.7,1014.725533,8.495625,69.68538884,713837,0.075205457,308.3625746,-13.99915417
52.6077442,1.5437422,30200,-44.4,58.5,-18.7,1014.729094,8.490546875,69.68469006,714584,0.079193796,307.8297853,-13.99915417
52.6077201,1.5438155,30200,-48.8,66.7,-18.7,1014.732376,8.49875,69.69934558,713837,0.08476676,307.207157,-12.49690628
52.607706,1.5438565,30200,-48.8,66.7,-18.7,1014.729197,8.499921875,69.70627056,715333,0.087929255,306.9293362,-12.49690628
52.6076882,1.5439073,30100,-53.1,74.6,-18.6,1014.72779,8.50734375,69.70729222,714584,0.091872163,306.6300481,-11.25447267
52.6076739,1.5439475,30100,-53.1,74.6,-18.6,1014.727078,8.500703125,69.68608768,711605,0.095008107,306.4224058,-11.25447267
52.6076583,1.5439964,30200,-57.1,82,-18.7,1014.729936,8.499335938,69.6791365,713091,0.098706689,306.0938726,-10.39165847
52.6076583,1.5439964,30200,-57.1,82,-18.7,1014.744579,8.495820313,69.69894236,715333,0.098706689,306.0938726,-10.39165847
52.6076491,1.5440268,30200,-57.1,82,-18.7,1014.74853,8.4971875,69.70589418,713837,0.100975105,305.8762385,-10.39165847
52.6076321,1.5440834,30200,-57.1,82,-18.7,1014.747662,8.495625,69.69891548,708650,0.105193858,305.4896726,-10.39165847
52.6076241,1.5441119,30200,-60,87.7,-18.7,1014.759803,8.496796875,69.69231333,712347,0.107283897,305.2793209,-9.78503924
52.6076298,1.5441245,30200,-60,87.7,-18.7,1014.759734,8.490546875,69.70498019,707182,0.107620295,304.740936,-9.78503924
52.6076506,1.5441407,30200,-57.6,90.5,-18.6,1014.7659,8.49015625,69.69139947,714584,0.107235838,303.3889319,-9.648174041
52.6076506,1.5441407,30200,-57.6,90.5,-18.6,1014.770043,8.489570313,69.85369932,711605,0.107235838,303.3889319,-9.648174041
52.6076867,1.5441841,30200,-57.6,90.5,-18.6,1014.771589,8.494648438,69.70554471,709386,0.107600556,300.7377005,-9.648174041
52.6077032,1.5442068,30300,-51.5,95,-18.8,1014.779136,8.4940625,69.69193702,715333,0.108012309,299.4822199,-9.69508632
52.6077167,1.5442254,30300,-51.5,95,-18.8,1014.780743,8.495039063,70.03050712,716083,0.108389028,298.4619421,-9.69508632
52.6077248,1.5442349,30300,-51.5,95,-18.8,1014.777399,8.4909375,69.69827036,715333,0.108531953,297.8809694,-9.69508632
52.6077329,1.5442267,30300,-48.6,96.8,-18.8,1014.775636,8.495039063,69.73265517,716083,0.107621321,297.5941929,-9.678324603
52.6077492,1.5441739,30300,-48.6,96.8,-18.8,1014.77528,8.49171875,69.72543359,719101,0.103611079,297.6191983,-9.678324603
52.6077492,1.5441739,30300,-48.6,96.8,-18.8,1014.767185,8.4909375,69.73885518,714584,0.103611079,297.6191983,-9.678324603
52.6077624,1.544139,30300,-45.6,91.4,-18.8,1014.778302,8.495625,70.01704021,713837,0.100835686,297.5006611,-10.25382519
52.6077776,1.544095,30300,-45.6,91.4,-18.8,1014.782584,8.507539063,70.03223335,715333,0.097410928,297.4255759,-10.25382519
52.6077907,1.5440574,30300,-41.7,84.6,-18.8,1014.777416,8.511640625,69.74170596,712347,0.094478799,297.350439,-11.08891367
52.6078084,1.54401,30300,-41.7,84.6,-18.8,1014.87178,8.511054688,70.88799203,711605,0.09072248,297.1745798,-11.08891367
52.6078153,1.5439901,30100,-37.4,77,-18.6,1014.82369,8.501484375,70.1872604,711605,0.089172608,297.1301981,-12.06410311
52.6078449,1.543897,30100,-37.4,77,-18.6,1014.771528,8.49875,69.95651696,713837,0.082057623,297.0863902,-12.06410311
52.6078449,1.543897,30100,-37.4,77,-18.6,1014.725498,8.4925,70.03015652,719859,0.082057623,297.0863902,-12.06410311
52.607861,1.543845,30100,-37.4,77,-18.6,1014.702856,8.494257813,70.01685145,714584,0.078105525,297.089971,-12.06410311
52.6078753,1.5438053,30100,-33.3,69,-18.6,1014.672243,8.48703125,69.95490003,708650,0.074986936,296.940642,-13.43888612
52.6078934,1.5437556,30100,-33.3,69,-18.6,1014.664375,8.487421875,70.04300388,719101,0.071073707,296.7193369,-13.43888612
52.6079074,1.5437151,30100,-28.8,61.3,-18.6,1014.655187,8.48390625,70.01542238,713091,0.067922931,296.5832081,-15.14076762
52.6079306,1.5436451,30100,-28.8,61.3,-18.6,1014.66084,8.485273438,70.04270721,711605,0.062527362,296.4069098,-15.14076762
52.6079458,1.5435945,30100,-24.7,53.6,-18.6,1014.653737,8.477851563,70.00103999,708650,0.058704929,296.4125172,-17.27027791
52.6079458,1.5435945,30100,-24.7,53.6,-18.6,1014.656759,8.481757813,69.97448833,713091,0.058704929,296.4125172,-17.27027791
52.6079581,1.5435533,30100,-24.7,53.6,-18.6,1014.641692,8.475703125,70.01429006,712347,0.055596364,296.4255045,-17.27027791
52.6079745,1.5435014,29900,-20.6,45.6,-18.4,1014.638069,8.484882813,70.04942784,720619,0.051635774,296.3437721,-19.96405824
52.6079983,1.5434304,29900,-20.6,45.6,-18.4,1014.642212,8.484296875,70.0154763,714584,0.046151105,296.0398044,-19.96405824
52.6080118,1.5433889,29900,-20.6,45.6,-18.4,1014.652329,8.485273438,70.04948178,715333,0.042965916,295.8812261,-19.96405824
52.6080291,1.5433364,30000,-16.3,37.7,-18.5,1014.642533,8.484492188,70.08324994,720619,0.038926371,295.6106458,-24.04727412
52.6080291,1.5433364,30000,-16.3,37.7,-18.5,1014.645459,8.489375,70.02972503,721380,0.038926371,295.6106458,-24.04727412
52.6080432,1.5432943,30000,-16.3,37.7,-18.5,1014.648508,8.486054688,70.03604074,714584,0.035677006,295.3126707,-24.04727412
52.6080602,1.5432405,30200,-11.9,29.7,-18.6,1014.657791,8.48859375,70.01606948,719101,0.031574028,295.029517,-30.06148292
52.6080697,1.5432075,30200,-11.9,29.7,-18.6,1014.665434,8.48703125,70.04972453,717589,0.029101181,295.0010922,-30.06148292
52.608098,1.5431072,30200,-7.9,21.2,-18.7,1014.658809,8.474726563,70.04125099,713837,0.021612192,295.0287381,-39.68870038
52.608111,1.5430658,30200,-7.9,21.2,-18.7,1014.659513,8.471015625,70.02719044,721380,0.018459502,294.6331389,-39.68870038
52.6081273,1.5430168,30200,-7.9,21.2,-18.7,1014.648986,8.481171875,70.08956711,722143,0.014688841,293.58296,-39.68870038
52.6081273,1.5430168,30200,-7.9,21.2,-18.7,1014.641883,8.47375,70.10209408,722143,0.014688841,293.58296,-39.68870038
52.6081372,1.5429871,30200,-3.6,13.3,-18.6,1014.635498,8.483320313,70.09663996,715333,0.012406058,292.626246,-54.29958586
52.6081653,1.5429044,30200,-3.6,13.3,-18.6,1014.619092,8.4909375,70.05026398,713091,0.006077321,285.6515005,-54.29958586
52.6081798,1.5428638,30200,0.7,5.4,-18.6,1014.609685,8.496601563,70.01717505,718344,0.003102729,270.4120239,-77.01250197
52.6081969,1.5428125,30200,0.7,5.4,-18.6,1014.611359,8.503828125,70.02494675,717589,0.001917167,168.8207071,-77.01250197
52.6082137,1.5427589,30300,5,-2.6,-18.7,1014.619836,8.500703125,70.02451521,716835,0.005485648,133.1981123,-74.21276917
52.608227,1.5427167,30300,5,-2.6,-18.7,1014.624526,8.501484375,70.03139716,716083,0.008628246,127.3809891,-74.21276917
52.608227,1.5427167,30300,5,-2.6,-18.7,1014.620653,8.527070313,70.00106186,716835,0.008628246,127.3809891,-74.21276917
52.6082432,1.5426659,30300,9.3,-10.7,-18.8,1014.618884,8.520820313,70.00697212,715333,0.012475106,124.3816384,-52.22824524
52.6082561,1.5426265,30300,9.3,-10.7,-18.8,1014.60691,8.535273438,70.0292902,716083,0.015492174,123.2004517,-52.22824524
52.608279,1.5425544,30300,9.3,-10.7,-18.8,1014.599329,8.532734375,69.98152494,725212,0.020981977,121.735162,-52.22824524
52.6082967,1.5425004,30200,13.4,-18.6,-18.7,1014.59567,8.538789063,69.98236107,722143,0.025130659,121.177269,-38.34375734
52.6083106,1.5424586,30200,13.4,-18.6,-18.7,1014.582243,8.536835938,69.97531868,724442,0.02835459,120.8960294,-38.34375734
52.6083281,1.5424084,30200,17.8,-26.6,-18.7,1014.572608,8.541328125,69.9962578,715333,0.032272842,120.7700213,-29.5630846
52.6083281,1.5424084,30200,17.8,-26.6,-18.7,1014.583978,8.539960938,70.00284231,721380,0.032272842,120.7700213,-29.5630846
52.6083457,1.5423577,30200,17.8,-26.6,-18.7,1014.592361,8.5378125,69.96868107,723674,0.036226034,120.6591495,-29.5630846
52.6083656,1.5422941,30200,22.2,-34.6,-18.7,1014.589695,8.537226563,69.94151249,722908,0.041062775,120.2583706,-23.85170218
52.6083811,1.5422429,30200,22.2,-34.6,-18.7,1014.58722,8.5346875,69.96147735,724442,0.04492882,119.9343433,-23.85170218
52.6083932,1.5422015,30200,22.2,-34.6,-18.7,1014.576552,8.521992188,69.94618118,719101,0.048031945,119.6604195,-23.85170218
52.6084082,1.5421495,30200,26.2,-42.6,-18.7,1014.583845,8.527460938,70.01466292,721380,0.051920148,119.341505,-19.98396259
52.6084082,1.5421495,30200,26.2,-42.6,-18.7,1014.581467,8.523945313,69.96676646,721380,0.051920148,119.341505,-19.98396259
52.6084238,1.5420977,30200,26.2,-42.6,-18.7,1014.584037,8.525507813,69.97375452,722908,0.055830296,119.1337822,-19.98396259
52.6084476,1.542026,30200,30.2,-50.5,-18.7,1014.589077,8.519257813,69.97289165,718344,0.061362429,119.091177,-17.18544954
52.608462,1.5419841,30200,30.2,-50.5,-18.7,1014.59229,8.521210938,69.96638898,719859,0.064621861,119.1121442,-17.18544954
52.6084798,1.5419317,30200,34.6,-58.6,-18.7,1014.604364,8.516132813,69.93182993,723674,0.068686829,119.1186195,-14.98069986
52.6084943,1.5418914,30200,34.6,-58.6,-18.7,1014.597132,8.5065625,69.91019744,722908,0.071856976,119.1860268,-14.98069986
52.6085118,1.541841,30000,39.1,-66.4,-18.5,1014.59893,8.505585938,69.93037468,724442,0.075787355,119.2157747,-13.16339419
52.6085118,1.541841,30000,39.1,-66.4,-18.5,1014.59193,8.507539063,69.97804639,725983,0.075787355,119.2157747,-13.16339419
52.6085358,1.5417691,30000,39.1,-66.4,-18.5,1014.594274,8.507929688,69.91715649,719859,0.081342076,119.1871004,-13.16339419
52.6085496,1.5417274,30000,39.1,-66.4,-18.5,1014.597808,8.510078125,69.92422358,724442,0.084557207,119.1643232,-13.16339419
52.6085633,1.5416813,30000,43.3,-74.2,-18.4,1014.614927,8.509101563,69.99180755,728307,0.088027564,119.0424463,-11.78812361
52.6085706,1.5416529,30000,43.3,-74.2,-18.4,1014.637925,8.510664063,69.97847777,726756,0.090104412,118.9013323,-11.78812361
52.6085819,1.5416135,30100,46.1,-80.2,-18.5,1014.656711,8.5065625,69.97791159,724442,0.093049168,118.7865952,-11.02993119
52.6085964,1.5415832,30100,46.1,-80.2,-18.5,1014.679518,8.510078125,70.01903594,725212,0.095625625,119.0436003,-11.02993119
52.6085964,1.5415832,30100,46.1,-80.2,-18.5,1014.704402,8.499335938,69.92951243,725983,0.095625625,119.0436003,-11.02993119
52.6086089,1.5415897,30100,49.2,-81.8,-18.6,1014.698576,8.48234375,69.96779701,727531,0.095925113,119.8989539,-10.7604031
52.608637,1.5416149,30100,49.2,-81.8,-18.6,1014.702909,8.479804688,69.90650718,727531,0.096066128,122.0262738,-10.7604031
52.6086637,1.5416403,30200,56.8,-77.4,-18.7,1014.704585,8.48703125,69.9616718,727531,0.096240333,124.0717369,-10.77841291
52.6086889,1.5416673,30200,56.8,-77.4,-18.7,1014.716179,8.486835938,69.75858573,722908,0.096350595,126.0645244,-10.77841291
52.6087008,1.5416807,30200,56.8,-77.4,-18.7,1014.732594,8.489570313,69.75896225,719859,0.096407836,127.0190615,-10.77841291
52.6087008,1.5416807,30200,56.8,-77.4,-18.7,1014.734487,8.487617188,69.78575664,721380,0.096407836,127.0190615,-10.77841291
52.6087008,1.5416807,30200,56.8,-77.4,-18.7,1014.737666,8.486445313,70.06319341,728307,0.096407836,127.0190615,-10.77841291
52.6086947,1.5417446,30200,56.8,-77.4,-18.7,1014.756355,8.483320313,70.08308806,725983,0.092563373,128.2949385,-10.77841291
52.6086818,1.5418146,30200,57,-66.2,-18.7,1014.775079,8.483320313,69.92053261,725983,0.087968491,129.4722898,-11.83592563
52.6086566,1.5418871,30200,57,-66.2,-18.7,1014.772769,8.486054688,69.79907437,719101,0.082398929,130.1337302,-11.83592563
52.6086384,1.5419397,30300,52.4,-58.3,-18.7,1014.774828,8.489375,69.81306562,720619,0.078371836,130.6775175,-13.15286206
52.6086205,1.5419908,30300,52.4,-58.3,-18.7,1014.769938,8.480195313,70.17753749,723674,0.07445101,131.2479207,-13.15286206
52.6086205,1.5419908,30300,52.4,-58.3,-18.7,1014.758309,8.477265625,69.83846727,723674,0.07445101,131.2479207,-13.15286206
52.6086062,1.5420316,30300,52.4,-58.3,-18.7,1014.764917,8.468867188,69.83054244,729864,0.07132571,131.7477752,-13.15286206
52.6085895,1.5420823,30200,47.8,-50.3,-18.7,1014.755824,8.464375,69.83669129,725212,0.067530684,132.5080084,-14.80047843
52.6085767,1.5421226,30200,47.8,-50.3,-18.7,1014.7491,8.453046875,69.82836329,724442,0.064559578,133.2101636,-14.80047843
52.6085535,1.5421939,30100,43.7,-42.5,-18.6,1014.750064,8.453632813,69.85551558,724442,0.05928681,134.5816774,-16.67699663
52.6085354,1.5422444,30100,43.7,-42.5,-18.6,1014.743281,8.390546875,69.81975945,714584,0.055443558,135.5758409,-16.67699663
52.6085205,1.5422843,30100,39.3,-34.7,-18.6,1014.757444,8.391914063,69.8740896,719859,0.052372098,136.4138289,-19.24629287
52.6085205,1.5422843,30100,39.3,-34.7,-18.6,1014.769134,8.418671875,69.91162123,719859,0.052372098,136.4138289,-19.24629287
52.6085024,1.5423349,30100,39.3,-34.7,-18.6,1014.793035,8.424921875,69.91925248,720619,0.048560771,137.6992281,-19.24629287
52.6084889,1.5423768,30100,34.8,-26.7,-18.6,1014.792237,8.429609375,69.92666881,726756,0.045550908,139.0632157,-22.7364533
52.6084729,1.5424294,30100,34.8,-26.7,-18.6,1014.789571,8.429023438,69.93335864,728307,0.041896871,141.1424186,-22.7364533
52.6084666,1.5424505,30100,34.8,-26.7,-18.6,1014.781049,8.418671875,69.94547367,725983,0.040458937,142.0928596,-22.7364533
52.6084382,1.5425466,30100,34.8,-26.7,-18.6,1014.780156,8.424335938,69.94625434,721380,0.034111095,147.4495697,-22.7364533
52.6084209,1.5426007,30100,34.8,-26.7,-18.6,1014.779097,8.424726563,69.94630818,725983,0.030582935,151.287314,-22.7364533
52.6084209,1.5426007,30100,34.8,-26.7,-18.6,1014.782608,8.434101563,69.96791497,722908,0.030582935,151.287314,-22.7364533
52.6084056,1.5426431,30200,26.4,-10.5,-18.7,1014.782953,8.427070313,69.94663124,725212,0.027760021,154.7894058,-33.67643271
52.6083807,1.5427155,30200,26.4,-10.5,-18.7,1014.773288,8.4284375,69.98745031,728307,0.023388194,162.7694248,-33.67643271
52.6083643,1.5427667,30200,22,-2.6,-18.7,1014.761243,8.426289063,69.96006619,725212,0.020801055,170.405878,-41.38333726
52.6083514,1.5428081,30200,22,-2.6,-18.7,1014.753828,8.429023438,69.9536717,732999,0.019084987,177.9911597,-41.38333726
52.6083353,1.5428593,30100,17.9,5.5,-18.5,1014.753637,8.430976563,69.94716969,730645,0.017506619,189.1736922,-47.07817759
52.6083353,1.5428593,30100,17.9,5.5,-18.5,1014.755149,8.432929688,69.9542102,725983,0.017506619,189.1736922,-47.07817759
52.6083221,1.5428996,30100,17.9,5.5,-18.5,1014.758006,8.4315625,69.9607932,722908,0.016751107,199.2245093,-47.07817759
52.608312,1.5429302,30100,17.9,5.5,-18.5,1014.767063,8.432929688,69.94743893,725212,0.016538845,207.3015733,-47.07817759
52.6082825,1.5430244,30100,13.6,13.4,-18.6,1014.768861,8.431953125,69.94053327,728307,0.01804443,230.7243527,-46.88295015
52.6082696,1.5430667,30100,13.6,13.4,-18.6,1014.776086,8.431171875,69.94719662,728307,0.019577029,239.3204896,-46.88295015
52.6082528,1.5431199,30000,9.4,21.5,-18.5,1014.781953,8.423359375,69.93934878,724442,0.021997747,248.3424398,-39.89182187
52.6082351,1.5431728,30000,9.4,21.5,-18.5,1014.773538,8.422382813,69.95275631,729864,0.024805101,255.6550014,-39.89182187
52.6082351,1.5431728,30000,9.4,21.5,-18.5,1014.791487,8.41984375,69.94563519,727531,0.024805101,255.6550014,-39.89182187
52.6082277,1.5431934,30000,9.4,21.5,-18.5,1014.80389,8.4253125,69.95993156,727531,0.025978914,258.1819965,-39.89182187
52.6082024,1.5432642,30000,9.4,21.5,-18.5,1014.813351,8.415546875,69.9518141,729864,0.030329712,265.2743443,-39.89182187
52.6081822,1.5433259,30000,9.4,21.5,-18.5,1014.811649,8.415546875,69.94504299,726756,0.034407756,269.5915218,-39.89182187
52.6081654,1.5433783,30200,0.7,37.5,-18.6,1014.798413,8.411640625,69.95804702,728307,0.037991403,272.4572616,-26.68442813
52.6081518,1.5434206,30200,0.7,37.5,-18.6,1014.791189,8.412421875,69.9581547,730645,0.040942638,274.4068895,-26.68442813
52.6081285,1.5434942,30200,-3.6,45.6,-18.7,1014.78119,8.403242188,69.94334737,722908,0.046165222,277.1487922,-22.30715329
52.6081285,1.5434942,30200,-3.6,45.6,-18.7,1014.773477,8.398554688,69.963015,724442,0.046165222,277.1487922,-22.30715329
52.6081186,1.5435254,30200,-3.6,45.6,-18.7,1014.771309,8.385859375,69.96803714,727531,0.048406362,278.1345336,-22.30715329
52.6081053,1.5435677,30200,-7.8,53.6,-18.7,1014.769702,8.384882813,69.98821829,724442,0.051463065,279.3183744,-19.00299757
52.6080808,1.5436435,30200,-7.8,53.6,-18.7,1014.755765,8.3846875,69.98141926,725983,0.057001367,281.1938146,-19.00299757
52.6080665,1.543686,30100,-12.3,61.8,-18.5,1014.754479,8.38390625,70.00162858,725212,0.060142513,282.1521502,-16.25546574
52.6080495,1.5437384,30100,-12.3,61.8,-18.5,1014.750206,8.38234375,70.0217321,729864,0.064019922,283.1425665,-16.25546574
52.6080495,1.5437384,30100,-12.3,61.8,-18.5,1014.762763,8.382734375,70.01501277,723674,0.064019922,283.1425665,-16.25546574
52.6080265,1.5438112,30100,-12.3,61.8,-18.5,1014.762142,8.375117188,70.01396281,731428,0.069417276,284.2792562,-16.25546574
52.6080133,1.5438523,30100,-16.5,69.8,-18.6,1014.770747,8.374140625,70.02737463,732213,0.072481144,284.8644077,-14.40649606
52.6079972,1.5439029,30100,-16.5,69.8,-18.6,1014.772186,8.36984375,70.03355582,725212,0.07625813,285.5079363,-14.40649606
52.6079809,1.543954,30400,-20.6,77.7,-18.9,1014.766532,8.368476563,70.04014105,725212,0.080082498,286.0992664,-13.09029781
52.6079676,1.5439952,30400,-20.6,77.7,-18.9,1014.757344,8.364960938,70.03288275,723674,0.083176604,286.548022,-13.09029781
52.6079508,1.5440459,30400,-24.9,85.6,-18.8,1014.73573,8.363203125,70.04618797,728307,0.0870047,287.0868122,-11.76219438
52.6079508,1.5440459,30400,-24.9,85.6,-18.8,1014.717747,8.362617188,70.06643007,729085,0.0870047,287.0868122,-11.76219438
52.6079275,1.5441175,30400,-24.9,85.6,-18.8,1014.709487,8.3565625,70.06559528,725212,0.092408187,287.743559,-11.76219438
52.6079139,1.5441597,30400,-24.9,85.6,-18.8,1014.712759,8.354414063,70.05852465,727531,0.095593505,288.0873977,-11.76219438
52.6078959,1.5442122,30300,-29.1,93.6,-18.8,1014.708654,8.358125,70.0861354,732999,0.099598828,288.5501733,-10.71155886
52.6078831,1.5442489,30300,-29.1,93.6,-18.8,1014.712153,8.357148438,70.06567606,729864,0.102410121,288.8649805,-10.71155886
52.6078716,1.5442853,30300,-32.8,100.1,-18.8,1014.703358,8.360078125,70.23551233,732999,0.105157826,289.091969,-9.975102866
52.6078577,1.5443318,30300,-32.8,100.1,-18.8,1014.707106,8.353046875,70.0651106,729864,0.10864111,289.3213456,-9.975102866
52.6078577,1.5443318,30300,-32.8,100.1,-18.8,1014.706331,8.350507813,70.07153518,730645,0.10864111,289.3213456,-9.975102866
52.6078534,1.5443512,30300,-34.9,104.7,-18.8,1014.714541,8.343085938,70.34845437,725212,0.110039629,289.3306455,-9.525594438
52.6078667,1.5443539,30300,-34.9,104.7,-18.8,1014.719077,8.348945313,70.105196,729085,0.109733121,288.5681882,-9.525594438
52.6078863,1.5443548,30300,-34.9,104.7,-18.8,1014.728967,8.34875,70.11194495,729085,0.109117924,287.4698524,-9.525594438
52.6079286,1.5443706,30300,-29.6,105.3,-18.8,1014.713533,8.356953125,70.15373672,731428,0.108835645,284.9306975,-9.618059598
52.6079547,1.544385,30300,-29.6,105.3,-18.8,1014.702,8.353046875,70.18030879,729085,0.109074655,283.3208869,-9.618059598
52.6079728,1.5443947,30200,-22.9,107.3,-18.7,1014.711211,8.349335938,70.30183864,729864,0.109271593,282.211318,-9.548169172
52.6079728,1.5443947,30200,-22.9,107.3,-18.7,1014.727608,8.34171875,70.41611119,732213,0.109271593,282.211318,-9.548169172
52.6079843,1.5443962,30200,-22.9,107.3,-18.7,1014.739811,8.321210938,70.25726635,734576,0.109108299,281.5416464,-9.548169172
52.607992,1.5443733,30200,-19.6,106.4,-18.6,1014.786723,8.321796875,71.35181012,730645,0.107418463,281.2583083,-9.634093018
52.6080031,1.5443399,30200,-19.6,106.4,-18.6,1014.788083,8.328828125,70.48898239,729085,0.104961409,280.8365191,-9.634093018
52.6080262,1.5442795,30300,-15.7,99.7,-18.8,1014.74675,8.323359375,70.3932166,728307,0.100475552,279.8318861,-10.43507481
52.6080389,1.544243,30300,-15.7,99.7,-18.8,1014.722677,8.329414063,70.44833982,725983,0.097803132,279.2614501,-10.43507481
52.6080389,1.544243,30300,-15.7,99.7,-18.8,1014.705433,8.328242188,70.4753259,727531,0.097803132,279.2614501,-10.43507481
52.6080547,1.5441945,30300,-15.7,99.7,-18.8,1014.693104,8.329023438,70.46185946,725983,0.094285643,278.5256353,-10.43507481
52.608071,1.5441455,30200,-11.7,92.5,-18.6,1014.681629,8.321015625,70.42003359,734576,0.09074381,277.7009004,-11.17062475
52.6080841,1.5441066,30200,-11.7,92.5,-18.6,1014.668862,8.329804688,70.48232972,732213,0.087944155,276.9874356,-11.17062475
52.6081012,1.5440554,30200,-7.5,84.9,-18.7,1014.659901,8.327460938,70.48200538,729085,0.084283182,275.9870536,-12.27696222
52.6081147,1.544014,30200,-7.5,84.9,-18.7,1014.641027,8.332539063,70.4759205,728307,0.0813464,275.1380924,-12.27696222
52.6081378,1.5439417,30400,-3.3,76.9,-18.8,1014.618868,8.329414063,70.48906348,727531,0.076268032,273.539241,-13.65147296
52.6081378,1.5439417,30400,-3.3,76.9,-18.8,1014.60104,8.32375,70.46791699,728307,0.076268032,273.539241,-13.65147296
52.6081542,1.54389,30400,-3.3,76.9,-18.8,1014.595196,8.324335938,70.52230281,732213,0.072677703,272.2699969,-13.65147296
52.60817,1.5438376,30300,0.9,68.9,-18.7,1014.597636,8.32375,70.50185581,725983,0.069080169,270.9256966,-15.1467127
52.6081891,1.5437778,30300,0.9,68.9,-18.7,1014.594364,8.325898438,70.48857695,732999,0.065028019,269.1058992,-15.1467127
52.6082059,1.5437278,30300,0.9,68.9,-18.7,1014.598256,8.331367188,70.48933379,728307,0.061700302,267.3163624,-15.1467127
52.6082194,1.5436876,30200,5.1,61.1,-18.7,1014.605837,8.33390625,70.51005007,731428,0.059072587,265.7333794,-16.98776848
52.6082363,1.543637,30200,5.1,61.1,-18.7,1014.618691,8.34171875,70.51113164,732213,0.055834432,263.5419073,-16.98776848
52.6082363,1.543637,30200,5.1,61.1,-18.7,1014.622059,8.33859375,70.56501518,729085,0.055834432,263.5419073,-16.98776848
52.6082495,1.5435941,30200,9.3,53.3,-18.6,1014.624643,8.350507813,70.52592653,732213,0.053141415,261.6116038,-19.09712155
52.6082738,1.543517,30200,9.3,53.3,-18.6,1014.63107,8.354414063,70.5264675,737752,0.048489382,257.5394027,-19.09712155
52.6082902,1.5434626,30200,13.7,44.9,-18.7,1014.631345,8.3690625,70.54207563,737752,0.045356561,254.2770706,-22.02032361
52.608303,1.5434211,30200,13.7,44.9,-18.7,1014.632082,8.368476563,70.48089501,735368,0.043087762,251.4358275,-22.02032361
52.6083196,1.5433717,30200,13.7,44.9,-18.7,1014.630071,8.378632813,70.4890894,736161,0.040599045,247.4530305,-22.02032361
52.6083196,1.5433717,30200,13.7,44.9,-18.7,1014.623013,8.3846875,70.52387176,734576,0.040599045,247.4530305,-22.02032361
52.6083368,1.5433214,30200,17.8,37.1,-18.7,1014.627607,8.386445313,70.49695976,739350,0.038306608,242.8455987,-24.97189801
52.6083504,1.5432816,30200,17.8,37.1,-18.7,1014.626417,8.3846875,70.52387176,734576,0.036686213,238.8148375,-24.97189801
52.6083752,1.5432103,30100,22.1,29.2,-18.6,1014.619098,8.386445313,70.47659537,738550,0.034323413,230.6696047,-27.73011176
52.6083895,1.5431687,30100,22.1,29.2,-18.6,1014.623406,8.391132813,70.49760908,735368,0.033285347,225.4702519,-27.73011176
52.6084058,1.5431149,30200,26.5,21.1,-18.7,1014.634066,8.42140625,70.522171,738550,0.032185187,218.6066227,-29.90929359
52.6084208,1.5430602,30200,26.5,21.1,-18.7,1014.61933,8.425898438,70.4820608,737752,0.031420159,211.4163199,-29.90929359
52.6084208,1.5430602,30200,26.5,21.1,-18.7,1014.616117,8.423945313,70.42749185,732999,0.031420159,211.4163199,-29.90929359
52.6084397,1.5429975,30400,30.5,12.9,-18.9,1014.606573,8.417109375,70.3722612,736161,0.031353195,202.769213,-30.71326099
52.6084576,1.5429462,30400,30.5,12.9,-18.9,1014.594754,8.416132813,70.40605185,740151,0.032088606,195.6657967,-30.71326099
52.6084758,1.5428946,30400,30.5,12.9,-18.9,1014.584497,8.40265625,70.41775782,740151,0.033322806,188.9369126,-30.71326099
52.6084898,1.5428539,30400,35,5,-18.9,1014.570013,8.40109375,70.43790047,732999,0.034559873,184.025286,-28.83386245
52.6085032,1.5428131,30400,35,5,-18.9,1014.562467,8.401679688,70.41762263,733787,0.035966866,179.4725133,-28.83386245
52.6085261,1.542739,30400,39.2,-2.8,-18.9,1014.560132,8.411640625,70.45293486,732999,0.03888367,172.1083825,-26.06427277
52.6085261,1.542739,30400,39.2,-2.8,-18.9,1014.554192,8.413203125,70.41243203,736955,0.03888367,172.1083825,-26.06427277
52.6085436,1.5426848,30400,39.2,-2.8,-18.9,1014.563032,8.42375,70.42067848,735368,0.041454965,167.4580731,-26.06427277
52.6085614,1.5426309,30400,43.5,-11.1,-18.9,1014.553714,8.418085938,70.35882751,731428,0.044293933,163.4112359,-22.94665428
52.6085751,1.5425907,30400,43.5,-11.1,-18.9,1014.543702,8.426484375,70.35998982,734576,0.046584687,160.7427975,-22.94665428
52.6085974,1.5425236,30300,47.8,-18.8,-18.8,1014.554427,8.424726563,70.40724172,739350,0.050548438,156.8138775,-20.06231027
52.6086101,1.5424826,30300,47.8,-18.8,-18.8,1014.563388,8.427070313,70.43471121,741760,0.052980423,154.6598673,-20.06231027
52.6086272,1.5424293,30300,47.8,-18.8,-18.8,1014.583431,8.430976563,70.38096555,739350,0.056301045,152.1737978,-20.06231027
52.6086272,1.5424293,30300,47.8,-18.8,-18.8,1014.621076,8.439375,70.4160563,740151,0.056301045,152.1737978,-20.06231027
52.608644,1.5423741,30100,51.9,-26.7,-18.5,1014.630506,8.426484375,70.36677422,738550,0.059751838,149.8452338,-17.45367192
52.6086538,1.5423405,30100,51.9,-26.7,-18.5,1014.639945,8.423945313,70.33928659,733787,0.061855977,148.5331222,-17.45367192
52.6086793,1.5422544,29900,56.1,-35.1,-18.4,1014.641612,8.420820313,70.33885419,736161,0.067415103,145.5706222,-15.35762959
52.6086856,1.542234,29900,56.1,-35.1,-18.4,1014.658251,8.424726563,70.3393947,740151,0.068779554,144.9530851,-15.35762959
52.6087084,1.5421639,30000,60.3,-43.1,-18.5,1014.678806,8.426875,70.35325971,736955,0.073626428,143.0668856,-13.81611838
52.6087084,1.5421639,30000,60.3,-43.1,-18.5,1014.677009,8.427851563,70.31947715,736955,0.073626428,143.0668856,-13.81611838
52.6087218,1.5421248,30000,60.3,-43.1,-18.5,1014.683877,8.42375,70.36639575,735368,0.076421089,142.1542915,-13.81611838
52.6087391,1.5420738,30000,60.3,-43.1,-18.5,1014.668714,8.418671875,70.36569292,740151,0.080077706,141.0510163,-13.81611838
52.6087634,1.5420009,30200,64.6,-50.8,-18.7,1014.647326,8.418085938,70.3316924,736955,0.085314421,139.6179919,-12.61751055
52.6087802,1.5419524,30200,64.6,-50.8,-18.7,1014.625581,8.414179688,70.35150288,736955,0.088878007,138.7884514,-12.61751055
52.6087895,1.5419226,30400,68.8,-58.5,-18.9,1014.62294,8.406367188,70.30294004,740955,0.090991411,138.2632808,-11.62133822
52.6087992,1.5418898,30400,68.8,-58.5,-18.9,1014.622537,8.389570313,70.3413147,740955,0.09328191,137.6880747,-11.62133822
52.6087992,1.5418898,30400,68.8,-58.5,-18.9,1014.603399,8.390351563,70.26681712,738550,0.09328191,137.6880747,-11.62133822
52.6088081,1.54186,30300,71.5,-63.9,-18.8,1014.602446,8.400117188,70.32242369,734576,0.095377802,137.1934202,-10.89576249
52.6088177,1.5418387,30300,71.5,-63.9,-18.8,1014.621941,8.40265625,70.11938258,738550,0.097143015,136.9985112,-10.89576249
52.60883,1.5418538,30400,73.8,-64.1,-18.9,1014.64603,8.406953125,70.11319927,735368,0.097458807,137.987184,-10.7527673
52.6088486,1.5418834,30400,73.8,-64.1,-18.9,1014.659611,8.403828125,70.09244002,737752,0.097693366,139.6732663,-10.7527673
52.608876,1.5419275,30400,73.8,-64.1,-18.9,1014.678856,8.412421875,70.12750733,736161,0.098171429,142.153934,-10.7527673
52.6088985,1.5419659,30300,80,-57.6,-18.8,1014.701113,8.414570313,70.21592097,744186,0.098613632,144.2392594,-10.6274128
52.6088985,1.5419659,30300,80,-57.6,-18.8,1014.727523,8.426484375,70.15655849,736955,0.098613632,144.2392594,-10.6274128
52.6089092,1.5419883,30300,80,-57.6,-18.8,1014.747793,8.4315625,70.258952,742567,0.09870959,145.3570995,-10.6274128
52.6089134,1.5420153,30300,83,-53,-18.7,1014.758433,8.441132813,70.11114179,737752,0.098068278,146.3901613,-10.59323091
52.6089052,1.5420425,30300,83,-53,-18.7,1014.760171,8.444257813,70.09802086,743375,0.096292701,147.0009302,-10.59323091
52.608885,1.5421177,30200,79.8,-46.2,-18.7,1014.768597,8.455585938,70.32331508,744186,0.091680105,148.9009578,-11.31043261
52.6088667,1.5421689,30200,79.8,-46.2,-18.7,1014.768145,8.453242188,70.05860877,747445,0.088163562,150.1435954,-11.31043261
52.6088523,1.5422087,30200,79.8,-46.2,-18.7,1014.77537,8.452460938,70.06527583,744998,0.085443795,151.1734496,-11.31043261
52.6088523,1.5422087,30200,79.8,-46.2,-18.7,1014.769741,8.443867188,70.0573147,740151,0.085443795,151.1734496,-11.31043261
52.6088289,1.5422783,30200,75.2,-38.2,-18.7,1014.768158,8.435664063,70.05618254,739350,0.080937117,153.2030131,-12.35733595
52.6088125,1.5423302,30200,75.2,-38.2,-18.7,1014.771682,8.427460938,70.05505053,739350,0.07775516,154.9045743,-12.35733595
52.6087982,1.5423723,30200,71,-30.3,-18.7,1014.773634,8.42140625,70.04744068,745812,0.075126839,156.355476,-13.49477456
52.6087806,1.5424247,30200,71,-30.3,-18.7,1014.782226,8.410078125,70.03232995,743375,0.071949027,158.3141007,-13.49477456
52.6087666,1.5424672,30100,66.6,-22.3,-18.6,1014.800876,8.403828125,70.03824177,737752,0.069467405,160.0411596,-14.74525182
52.6087666,1.5424672,30100,66.6,-22.3,-18.6,1014.805887,8.404804688,70.05192474,736161,0.069467405,160.0411596,-14.74525182
52.6087416,1.5425422,30100,66.6,-22.3,-18.6,1014.812731,8.407929688,70.06590503,742567,0.065227306,163.3941125,-14.74525182
52.6087251,1.5425939,30000,62.1,-14.1,-18.5,1014.813587,8.399140625,70.04436927,741760,0.062529005,165.982301,-16.16836664
52.608712,1.5426341,30000,62.1,-14.1,-18.5,1014.8126,8.40578125,70.06560862,738550,0.060496972,168.144802,-16.16836664
52.608696,1.5426853,30100,58,-6.3,-18.6,1014.805457,8.395234375,70.05060469,745812,0.058119329,171.1238138,-17.73451463
52.6086834,1.5427264,30100,58,-6.3,-18.6,1014.787342,8.3925,70.05022757,745812,0.05636043,173.6944492,-17.73451463
52.6086677,1.5427776,30100,58,-6.3,-18.6,1014.766977,8.388398438,70.05643623,744998,0.054339675,177.120204,-17.73451463
52.6086677,1.5427776,30100,58,-6.3,-18.6,1014.746612,8.384296875,70.06264507,739350,0.054339675,177.120204,-17.73451463
52.6086439,1.5428483,30400,53.9,1.5,-18.8,1014.749228,8.37140625,70.0744168,739350,0.051663066,182.2713795,-19.38257925
52.6086302,1.5428903,30400,53.9,1.5,-18.8,1014.739148,8.373554688,70.08148813,737752,0.050336602,185.5700702,-19.38257925
52.6086131,1.5429441,30300,49.6,9.5,-18.8,1014.737337,8.364179688,70.09374576,744186,0.048946088,190.0267602,-20.69953602
52.6085991,1.5429857,30300,49.6,9.5,-18.8,1014.740895,8.359101563,70.0930454,735368,0.048000721,193.6577139,-20.69953602
52.6085736,1.543054,30200,45.2,17.4,-18.7,1014.73706,8.34953125,70.1120527,740151,0.046625968,200.007112,-21.49143549
52.608556,1.5431047,30200,45.2,17.4,-18.7,1014.742282,8.341328125,70.11769745,740955,0.046128841,204.8459304,-21.49143549
52.608556,1.5431047,30200,45.2,17.4,-18.7,1014.741982,8.33390625,70.13700316,743375,0.046128841,204.8459304,-21.49143549
52.6085432,1.5431469,30200,45.2,17.4,-18.7,1014.744706,8.330390625,70.15684935,742567,0.046151091,208.807022,-21.49143549
52.6085276,1.5431988,30300,40.9,25.4,-18.7,1014.75401,8.325703125,70.16298017,739350,0.046493531,213.6344121,-21.65083639
52.608515,1.5432398,30300,40.9,25.4,-18.7,1014.735707,8.324921875,70.1832059,743375,0.04696976,217.4018371,-21.65083639
52.6084993,1.5432911,30400,36.9,33.3,-18.9,1014.730206,8.318476563,70.14165201,744998,0.047850122,221.9799445,-21.22042562
52.6084756,1.5433657,30400,36.9,33.3,-18.9,1014.722966,8.30890625,70.19455297,743375,0.049584741,228.3706564,-21.22042562
52.6084756,1.5433657,30400,36.9,33.3,-18.9,1014.721227,8.30578125,70.21445808,737752,0.049584741,228.3706564,-21.22042562
52.6084611,1.5434079,30400,32.6,41.4,-18.9,1014.71597,8.310859375,70.22193798,744998,0.050748481,231.8787147,-20.05191075
52.6084438,1.5434601,30400,32.6,41.4,-18.9,1014.704247,8.30890625,70.22844787,737752,0.052476728,235.9201143,-20.05191075
52.6084271,1.5435124,30400,28.2,49.4,-18.8,1014.699216,8.31515625,70.24965012,740955,0.054487909,239.6305349,-18.50835332
52.6084139,1.5435546,30400,28.2,49.4,-18.8,1014.705153,8.31359375,70.2629953,747445,0.056280024,242.3949742,-18.50835332
52.6083909,1.5436288,30400,28.2,49.4,-18.8,1014.715174,8.315546875,70.25648438,737752,0.059729995,246.8129898,-18.50835332
52.6083776,1.5436697,30300,24,57.5,-18.8,1014.733857,8.312421875,70.25605299,742567,0.061744966,249.0907763,-16.91631586
52.6083776,1.5436697,30300,24,57.5,-18.8,1014.761822,8.311835938,70.26953336,742567,0.061744966,249.0907763,-16.91631586
52.6083612,1.543722,30300,24,57.5,-18.8,1014.779747,8.316523438,70.28374276,737752,0.064474067,251.7335302,-16.91631586
52.608348,1.543765,30100,19.9,65.5,-18.6,1014.800452,8.31359375,70.27655702,739350,0.066821346,253.7154398,-15.24990858
52.6083305,1.5438181,30100,19.9,65.5,-18.6,1014.817489,8.306367188,70.28234039,743375,0.069789339,256.0823548,-15.24990858
52.6083058,1.543893,30000,15.5,73.6,-18.5,1014.836416,8.2971875,70.27429202,735368,0.074157368,259.0928657,-13.81188931
52.6082883,1.5439446,30000,15.5,73.6,-18.5,1014.854757,8.30109375,70.27483126,740151,0.077265307,261.005128,-13.81188931
52.6082746,1.5439827,30000,15.5,73.6,-18.5,1014.859805,8.305195313,70.28217859,742567,0.079599845,262.3822372,-13.81188931
52.6082746,1.5439827,30000,15.5,73.6,-18.5,1014.850711,8.300703125,70.30190289,738550,0.079599845,262.3822372,-13.81188931
52.6082524,1.5440517,29900,11.1,81.5,-18.4,1014.843885,8.307929688,70.28255612,736955,0.083962424,264.4806175,-12.56475496
52.608236,1.5441046,29900,11.1,81.5,-18.4,1014.850711,8.300703125,70.30868482,736955,0.087381125,265.9008408,-12.56475496
52.6082226,1.5441471,30000,6.9,89.5,-18.5,1014.855135,8.2971875,70.28107306,739350,0.090162451,266.979216,-11.57665357
52.6082124,1.5441788,30000,6.9,89.5,-18.5,1014.848933,8.294453125,70.30103991,739350,0.0922557,267.7552389,-11.57665357
52.6081925,1.5442422,30000,2.7,97.6,-18.5,1014.848858,8.30578125,70.30938611,736161,0.096490201,269.1725186,-10.64412067
52.6081694,1.5443143,30000,2.7,97.6,-18.5,1014.842277,8.306953125,70.40451849,738550,0.101371364,270.6689594,-10.64412067
52.6081694,1.5443143,30000,2.7,97.6,-18.5,1014.837474,8.314375,70.31057302,736955,0.101371364,270.6689594,-10.64412067
52.6081566,1.544354,30100,-1.2,104.8,-18.6,1014.820551,8.313398438,70.50721157,740151,0.104086507,271.437686,-9.969663491
52.608148,1.5443817,30100,-1.2,104.8,-18.6,1014.812818,8.3159375,70.39219056,737752,0.105990269,271.9307144,-9.969663491
52.6081361,1.5444193,30300,-3.8,110,-18.8,1014.795214,8.311445313,70.33051576,744186,0.108587545,272.5855319,-9.595955967
52.6081301,1.5444379,30300,-3.8,110,-18.8,1014.79268,8.313007813,70.38500094,737752,0.109878038,272.9045741,-9.595955967
52.6081376,1.5444448,30300,-3.8,110,-18.8,1014.76804,8.324921875,70.40021758,739350,0.110306014,272.4582466,-9.595955967
52.6081376,1.5444448,30300,-3.8,110,-18.8,1014.76097,8.320625,70.3996235,744186,0.110306014,272.4582466,-9.595955967
52.6081577,1.5444355,30300,-1.3,110.4,-18.7,1014.766342,8.30734375,70.38421808,738550,0.109603116,271.3012076,-9.518624892
52.6081933,1.5444272,30300,-1.3,110.4,-18.7,1014.773981,8.30578125,70.47900581,734576,0.109022752,269.220879,-9.518624892
52.6082232,1.5444265,30200,6.3,109.7,-18.7,1014.790243,8.296015625,70.40979179,745812,0.109071238,267.4682746,-9.573449621
52.6082452,1.5444266,30200,6.3,109.7,-18.7,1014.812649,8.293085938,70.99371437,738550,0.109213261,266.1820546,-9.573449621
52.6082658,1.544427,30200,12,109.8,-18.6,1014.809246,8.293085938,70.81688861,739350,0.109416432,264.9822385,-9.479600555
52.6082871,1.5444124,30200,12,109.8,-18.6,1014.779333,8.299726563,70.47138094,738550,0.108665521,263.6884886,-9.479600555
52.6082871,1.5444124,30200,12,109.8,-18.6,1014.751123,8.288789063,70.5988625,741760,0.108665521,263.6884886,-9.479600555
52.6082931,1.5443829,30200,12,109.8,-18.6,1014.732557,8.283710938,70.54383688,737752,0.106756018,263.2135136,-9.479600555
52.6082931,1.5443829,30200,12,109.8,-18.6,1014.729116,8.280585938,70.59093568,738550,0.106756018,263.2135136,-9.479600555
52.6082931,1.5443829,30200,12,109.8,-18.6,1014.718091,8.2925,70.59937636,743375,0.106756018,263.2135136,-9.479600555
52.6082931,1.5443829,30200,12,109.8,-18.6,1014.723139,8.296601563,70.59315315,740151,0.106756018,263.2135136,-9.479600555
52.6083574,1.5442031,30200,12,109.8,-18.6,1014.711734,8.312421875,70.60213544,747445,0.095885358,258.0908489,-9.479600555
52.6083574,1.5442031,30200,12,109.8,-18.6,1014.697098,8.3159375,70.60941401,742567,0.095885358,258.0908489,-9.479600555
52.6083574,1.5442031,30200,12,109.8,-18.6,1014.676013,8.322773438,70.58998677,738550,0.095885358,258.0908489,-9.479600555
52.6083574,1.5442031,30200,12,109.8,-18.6,1014.656519,8.320234375,70.61000929,742567,0.095885358,258.0908489,-9.479600555
52.6083574,1.5442031,30200,12,109.8,-18.6,1014.642561,8.327265625,70.59740031,749085,0.095885358,258.0908489,-9.479600555
52.6083574,1.5442031,30200,12,109.8,-18.6,1014.634074,8.320039063,70.60998223,745812,0.095885358,258.0908489,-9.479600555
52.6083574,1.5442031,30200,12,109.8,-18.6,1014.624127,8.324335938,70.60378588,739350,0.095885358,258.0908489,-9.479600555
52.6083574,1.5442031,30200,12,109.8,-18.6,1014.627304,8.323164063,70.62399913,740151,0.095885358,258.0908489,-9.479600555
52.6083574,1.5442031,30200,12,109.8,-18.6,1014.63341,8.326875,70.59734619,743375,0.095885358,258.0908489,-9.479600555
52.6083574,1.5442031,30200,12,109.8,-18.6,1014.643774,8.321796875,70.5898515,740955,0.095885358,258.0908489,-9.479600555
52.6084941,1.5437843,30200,12,109.8,-18.6,1014.651355,8.324335938,70.56304046,745812,0.074207371,241.8411262,-9.479600555
52.6085042,1.5437513,30200,38.4,62.4,-18.7,1014.655496,8.32375,70.55616917,744186,0.072793444,240.2296248,-14.38982788
52.608527,1.5436757,30200,38.4,62.4,-18.7,1014.665532,8.336054688,70.59182668,743375,0.069764014,236.32789,-14.38982788
52.6085441,1.5436234,30100,42.6,54.3,-18.6,1014.669578,8.336445313,70.61225547,749085,0.067959015,233.3345478,-15.19560078
52.6085654,1.5435629,30100,42.6,54.3,-18.6,1014.689824,8.34875,70.58679452,740955,0.066224494,229.5693215,-15.19560078
52.6085654,1.5435629,30100,42.6,54.3,-18.6,1014.683076,8.344648438,70.56585389,744186,0.066224494,229.5693215,-15.19560078
52.6085825,1.5435114,30100,42.6,54.3,-18.6,1014.689372,8.34640625,70.59326098,746627,0.064904481,226.2922318,-15.19560078
52.6085988,1.5434588,30100,47,46.4,-18.6,1014.691643,8.340546875,70.59244908,745812,0.063689122,222.8972385,-15.8759543
52.6086118,1.5434176,30100,47,46.4,-18.6,1014.689861,8.351875,70.57364566,742567,0.062918259,220.1392976,-15.8759543
52.608629,1.5433663,30000,51.2,38.4,-18.5,1014.697654,8.345234375,70.5795164,748264,0.062258052,216.5593572,-16.28931457
52.6086489,1.5433054,30000,51.2,38.4,-18.5,1014.692432,8.3534375,70.57386215,748264,0.061747872,212.2610516,-16.28931457
52.6086657,1.5432547,30100,55.4,30.5,-18.5,1014.68729,8.3503125,70.56663857,743375,0.06161477,208.6345163,-16.47225843
52.6086657,1.5432547,30100,55.4,30.5,-18.5,1014.684733,8.359101563,70.56106583,747445,0.06161477,208.6345163,-16.47225843
52.6086791,1.5432136,30100,55.4,30.5,-18.5,1014.674267,8.337226563,70.53087663,744186,0.061666904,205.7030498,-16.47225843
52.6086951,1.5431616,30100,55.4,30.5,-18.5,1014.669184,8.33,70.5706153,744186,0.061865578,202.0517762,-16.47225843
52.6087085,1.5431196,30100,59.5,22.6,-18.6,1014.665064,8.323359375,70.52216763,742567,0.062258803,199.1136429,-16.43639129
52.6087253,1.5430668,30100,59.5,22.6,-18.6,1014.663362,8.323359375,70.52895669,746627,0.062977621,195.4865237,-16.43639129
52.6087491,1.5429914,30100,63.9,14.6,-18.6,1014.664743,8.323164063,70.54929811,744998,0.064409021,190.4827588,-15.94448216
52.6087665,1.5429377,30100,63.9,14.6,-18.6,1014.678124,8.339570313,70.61268853,741760,0.065766876,187.0650659,-15.94448216
52.6087665,1.5429377,30100,63.9,14.6,-18.6,1014.676422,8.339570313,70.57194096,747445,0.065766876,187.0650659,-15.94448216
52.6087805,1.5428965,30100,68.2,6.3,-18.6,1014.663047,8.35109375,70.5667468,746627,0.067034234,184.5388507,-15.24333871
52.6087978,1.542846,30100,68.2,6.3,-18.6,1014.649301,8.348945313,70.52571014,744186,0.068774257,181.5765202,-15.24333871
52.6088109,1.5428047,30100,72.5,-1.6,-18.6,1014.655896,8.358125,70.59488499,745812,0.070211629,179.2665569,-14.3854189
52.6088326,1.5427339,30100,72.5,-1.6,-18.6,1014.656122,8.359296875,70.59504741,735368,0.072843733,175.5253017,-14.3854189
52.60885,1.5426838,30100,72.5,-1.6,-18.6,1014.669226,8.361054688,70.56812692,748264,0.07510907,173.0649652,-14.3854189
52.60885,1.5426838,30100,72.5,-1.6,-18.6,1014.664405,8.358125,70.56772098,743375,0.07510907,173.0649652,-14.3854189
52.6088636,1.5426426,30200,76.7,-9.4,-18.6,1014.662025,8.354609375,70.54686324,746627,0.07699264,171.1437774,-13.49143324
52.6088802,1.5425897,30200,76.7,-9.4,-18.6,1014.678233,8.348945313,70.51892106,742567,0.079437528,168.8004158,-13.49143324
52.6088932,1.5425467,30100,80.9,-17.5,-18.6,1014.685077,8.352070313,70.50577624,745812,0.081464317,166.9927414,-12.58863708
52.6089156,1.5424712,30100,80.9,-17.5,-18.6,1014.683981,8.349335938,70.46467028,743375,0.085161369,164.0238367,-12.58863708
52.6089317,1.5424185,30000,85,-25.7,-18.5,1014.693739,8.346992188,70.50507314,734576,0.087917376,162.1131793,-11.6662473
52.6089456,1.5423773,30000,85,-25.7,-18.5,1014.7201,8.345429688,70.6474631,735368,0.090274498,160.7325694,-11.6662473
52.6089456,1.5423773,30000,85,-25.7,-18.5,1014.709889,8.345429688,70.43019632,736955,0.090274498,160.7325694,-11.6662473
52.6089616,1.542333,30100,88.9,-32.6,-18.6,1014.732129,8.337226563,70.29338372,743375,0.092974296,159.3525789,-10.99770073
52.6089711,1.5423067,30100,88.9,-32.6,-18.6,1014.78046,8.340742188,70.354914,740151,0.09460167,158.5708113,-10.99770073
52.608988,1.5422533,30100,88.9,-32.6,-18.6,1014.803094,8.338984375,70.30719047,745812,0.097712869,157.0032443,-10.99770073
52.6089914,1.542243,30100,91.7,-37.7,-18.5,1014.80918,8.349921875,70.30870178,742567,0.098335425,156.7159392,-10.44565618
52.6090021,1.5422488,30100,91.7,-37.7,-18.5,1014.812489,8.350898438,70.28170931,735368,0.099276564,157.1955389,-10.44565618
52.6090115,1.5422834,30000,93.9,-35,-18.5,1014.811051,8.355195313,70.29586631,744998,0.099363228,158.6728102,-10.34230325
52.6090115,1.5422834,30000,93.9,-35,-18.5,1014.828428,8.358515625,70.65607082,746627,0.099363228,158.6728102,-10.34230325
52.6090298,1.542363,30000,93.9,-35,-18.5,1014.922106,8.364765625,70.89484041,744998,0.099461329,161.9885403,-10.34230325
52.6090354,1.5423856,30200,97.1,-26.3,-18.6,1015.229059,8.379609375,70.80850757,744186,0.099593008,162.9351842,-10.37499747
52.6090498,1.5424491,30200,97.1,-26.3,-18.6,1015.170287,8.3925,70.38920998,733787,0.099964454,165.5572085,-10.37499747
52.6090527,1.5424631,30200,97.1,-26.3,-18.6,1015.121062,8.394648438,70.4302216,744998,0.100044811,166.1280809,-10.37499747
52.6090531,1.5424595,28700,98.5,-22.7,-17.2,1015.120797,8.407929688,70.42527407,741760,0.100146879,165.9990466,-9.552773684
52.6090549,1.5424634,28700,98.5,-22.7,-17.2,1015.117922,8.416523438,70.42646403,736955,0.100277598,166.172869,-9.552773684
