rpi_timestamp,temperature,pressure,humidity,gas_resistance,altitude,rsrq,rsrp,rssi,sinr,drone_timestamp,altitudeRelative,altitudeAMSL,gps.lat,gps.lon,localPosition.x,localPosition.y,localPosition.z,hdop,vdop
2024-11-26 16:10:35,4.266523438,1017.203747,89.81777612,1905116,-169.566048,-10.0,-115.0,-87.0,-4.0,2024-11-26 16:10:48,-0.2,-1400.0,52.6081691,1.5428429,1.5,1.2,17.8,0.5,0.9
2024-11-26 16:10:36,4.312617188,1017.207393,89.83954818,137597,-169.5963991,-10.0,-115.0,-87.0,-4.0,2024-11-26 16:10:48,-0.2,-1400.0,52.6081691,1.5428429,1.5,1.2,17.8,0.5,0.9
2024-11-26 16:10:37,4.397773438,1017.206394,89.83785292,151389,-169.5880803,-10.0,-115.0,-87.0,-4.0,2024-11-26 16:10:49,-0.2,-1400.0,52.6081691,1.5428432,1.5,1.2,17.8,0.5,0.9
2024-11-26 16:10:37,4.489765625,1017.214994,89.77831836,167923,-169.6596749,-10.0,-115.0,-87.0,-4.0,2024-11-26 16:10:50,0.0,-1200.0,52.6081677,1.5428422,1.5,1.3,17.5,0.5,0.9
2024-11-26 16:10:38,4.560664063,1017.217385,89.69349562,184438,-169.6795803,-10.0,-115.0,-87.0,-4.0,2024-11-26 16:10:51,0.0,-1200.0,52.6081641,1.542838,1.5,1.3,17.5,0.5,0.9
2024-11-26 16:10:39,4.626875,1017.222144,89.56384601,204228,-169.7191956,-10.0,-115.0,-87.0,-4.0,2024-11-26 16:10:52,1.0,-200.0,52.6081654,1.542841,1.3,1.4,16.5,0.5,0.8
2024-11-26 16:10:40,4.675117188,1017.217433,89.46827597,221597,-169.6799815,-10.0,-115.0,-87.0,-4.0,2024-11-26 16:10:53,1.0,-200.0,52.6081725,1.5428506,1.3,1.4,16.5,0.5,0.8
2024-11-26 16:10:41,4.71828125,1017.209379,89.31316207,235510,-169.6129347,-10.0,-115.0,-87.0,-4.0,2024-11-26 16:10:53,1.0,-200.0,52.6081725,1.5428506,1.3,1.4,16.5,0.5,0.8
2024-11-26 16:10:42,4.747382813,1017.206801,89.18536824,250550,-169.5914664,-10.0,-115.0,-87.0,-4.0,2024-11-26 16:10:54,1.0,-200.0,52.6081737,1.5428477,1.3,1.4,16.5,0.5,0.8
2024-11-26 16:10:43,4.771210938,1017.188716,89.06417249,264121,-169.4409131,-10.0,-115.0,-87.0,-4.0,2024-11-26 16:10:55,2.5,1300.0,52.608173,1.5428431,1.8,1.3,15.0,0.5,0.8
2024-11-26 16:10:44,4.793085938,1017.165702,88.94273524,278109,-169.2493125,-9.0,-104.0,-77.0,-2.0,2024-11-26 16:10:56,2.5,1300.0,52.6081721,1.5428403,1.8,1.3,15.0,0.5,0.8
2024-11-26 16:10:44,4.825507813,1017.144913,88.81563565,289674,-169.0762386,-9.0,-104.0,-77.0,-2.0,2024-11-26 16:10:57,5.5,4300.0,52.6081716,1.5428393,1.6,1.1,12.0,0.5,0.8
2024-11-26 16:10:45,4.849726563,1017.120693,88.70933944,302511,-168.8745892,-9.0,-104.0,-77.0,-2.0,2024-11-26 16:10:58,5.5,4300.0,52.608172,1.5428393,1.6,1.1,12.0,0.5,0.8
2024-11-26 16:10:46,4.888007813,1017.089279,88.61989847,314496,-168.6130522,-9.0,-104.0,-77.0,-2.0,2024-11-26 16:10:58,5.5,4300.0,52.608172,1.5428393,1.6,1.1,12.0,0.5,0.8
2024-11-26 16:10:47,4.914179688,1017.041196,88.48467883,324358,-168.2127153,-9.0,-104.0,-77.0,-2.0,2024-11-26 16:10:59,5.5,4300.0,52.6081722,1.54284,1.6,1.1,12.0,0.5,0.8
2024-11-26 16:10:48,4.9503125,1016.975737,88.38766631,336510,-167.667676,-9.0,-104.0,-77.0,-2.0,2024-11-26 16:11:00,8.7,7500.0,52.6081721,1.5428408,1.7,1.1,8.8,0.5,0.8
2024-11-26 16:10:49,4.989375,1016.904955,88.27649974,345362,-167.0782901,-9.0,-104.0,-77.0,-2.0,2024-11-26 16:11:01,8.7,7500.0,52.6081722,1.5428412,1.7,1.1,8.8,0.5,0.8
2024-11-26 16:10:50,5.035078125,1016.809592,88.19566657,355432,-166.2841701,-9.0,-104.0,-77.0,-2.0,2024-11-26 16:11:02,13.4,12200.0,52.6081724,1.5428418,1.7,1.2,4.1,0.5,0.8
2024-11-26 16:10:51,5.080195313,1016.704771,88.08551218,363765,-165.41122,-9.0,-104.0,-77.0,-2.0,2024-11-26 16:11:03,13.4,12200.0,52.6081724,1.5428427,1.7,1.2,4.1,0.5,0.8
2024-11-26 16:10:51,5.127851563,1016.59566,87.99041847,378978,-164.5024665,-9.0,-104.0,-77.0,-2.0,2024-11-26 16:11:04,13.4,12200.0,52.6081716,1.5428432,1.7,1.2,4.1,0.5,0.8
2024-11-26 16:10:52,5.17609375,1016.475638,87.88814304,389353,-163.5027474,-19.0,-103.0,-69.0,-15.0,2024-11-26 16:11:04,13.4,12200.0,52.6081716,1.5428432,1.7,1.2,4.1,0.5,0.8
2024-11-26 16:10:53,5.225507813,1016.352445,87.77878407,396131,-162.4765177,-19.0,-103.0,-69.0,-15.0,2024-11-26 16:11:05,17.9,16700.0,52.6081703,1.5428435,1.6,1.3,-0.4,0.5,0.8
2024-11-26 16:10:54,5.273554688,1016.221882,87.65465986,403626,-161.3887756,-19.0,-103.0,-69.0,-15.0,2024-11-26 16:11:06,17.9,16700.0,52.6081698,1.5428441,1.6,1.3,-0.4,0.5,0.8
2024-11-26 16:10:55,5.329609375,1016.040161,87.54642091,413153,-159.8746457,-19.0,-103.0,-69.0,-15.0,2024-11-26 16:11:07,19.3,18100.0,52.6081702,1.5428442,1.7,1.5,-1.8,0.5,0.8
2024-11-26 16:10:56,5.387226563,1015.845731,87.43117387,420274,-158.2543837,-19.0,-103.0,-69.0,-15.0,2024-11-26 16:11:08,19.3,18100.0,52.6081813,1.5428621,1.7,1.5,-1.8,0.5,0.8
2024-11-26 16:10:57,5.44875,1015.645847,87.31657983,427914,-156.5884099,-19.0,-103.0,-69.0,-15.0,2024-11-26 16:11:09,19.3,18100.0,52.6082137,1.5429236,1.7,1.5,-1.8,0.5,0.8
2024-11-26 16:10:58,5.506757813,1015.457046,87.18692411,429530,-155.0145566,-13.0,-89.0,-61.0,0.0,2024-11-26 16:11:09,19.3,18100.0,52.6082137,1.5429236,1.7,1.5,-1.8,0.5,0.8
2024-11-26 16:10:58,5.569257813,1015.295947,87.06531049,438356,-153.6714483,-13.0,-89.0,-61.0,0.0,2024-11-26 16:11:10,19.8,18600.0,52.6082185,1.5429328,6.8,7.1,-2.2,0.5,0.8
2024-11-26 16:10:59,5.629414063,1015.156349,86.93611763,443770,-152.5074602,-13.0,-89.0,-61.0,0.0,2024-11-26 16:11:11,19.8,18600.0,52.6082273,1.542949,6.8,7.1,-2.2,0.5,0.8
2024-11-26 16:11:00,5.686835938,1015.08507,86.78474005,451997,-151.9130721,-13.0,-89.0,-61.0,0.0,2024-11-26 16:11:12,18.1,16900.0,52.608233,1.5429631,8.8,9.7,-0.6,0.5,0.8
2024-11-26 16:11:01,5.72375,1015.010421,86.60849883,455009,-151.2905487,-13.0,-89.0,-61.0,0.0,2024-11-26 16:11:13,18.1,16900.0,52.6082365,1.5429768,8.8,9.7,-0.6,0.5,0.8
2024-11-26 16:11:02,5.766523438,1014.952208,86.45508101,462720,-150.8050629,-13.0,-89.0,-61.0,0.0,2024-11-26 16:11:14,18.1,16900.0,52.608238,1.54299,8.8,9.7,-0.6,0.5,0.8
2024-11-26 16:11:03,5.809101563,1014.900437,86.29446332,467473,-150.3732843,-13.0,-89.0,-61.0,0.0,2024-11-26 16:11:15,14.3,13100.0,52.6082403,1.5430016,9.4,12.0,3.3,0.5,0.8
2024-11-26 16:11:04,5.856367188,1014.861472,86.14918323,472324,-150.0482954,-13.0,-89.0,-61.0,0.0,2024-11-26 16:11:15,14.3,13100.0,52.6082403,1.5430016,9.4,12.0,3.3,0.5,0.8
2024-11-26 16:11:05,5.895234375,1014.871359,85.98819557,479962,-150.1307616,-13.0,-89.0,-61.0,0.0,2024-11-26 16:11:16,14.3,13100.0,52.6082438,1.5430132,9.4,12.0,3.3,0.5,0.8
2024-11-26 16:11:05,5.940351563,1014.908508,85.8355152,484733,-150.4405968,-13.0,-89.0,-61.0,0.0,2024-11-26 16:11:17,11.1,9900.0,52.608247,1.5430232,10.2,13.7,6.5,0.5,0.8
2024-11-26 16:11:06,5.982929688,1014.975374,85.6680491,485768,-150.9982638,-13.0,-89.0,-61.0,0.0,2024-11-26 16:11:18,11.1,9900.0,52.6082487,1.5430285,10.2,13.7,6.5,0.5,0.8
2024-11-26 16:11:07,6.025507813,1015.059198,85.52241927,491009,-151.6973165,-12.0,-95.0,-69.0,2.0,2024-11-26 16:11:19,11.1,9900.0,52.6082465,1.5430329,10.2,13.7,6.5,0.5,0.8
2024-11-26 16:11:08,6.07296875,1015.183302,85.35590675,496725,-152.7322089,-12.0,-95.0,-69.0,2.0,2024-11-26 16:11:20,9.7,8500.0,52.6082331,1.5430368,8.7,14.4,7.8,0.5,0.8
2024-11-26 16:11:09,6.118671875,1015.306211,85.18923804,499634,-153.7570275,-17.0,-107.0,-73.0,-9.0,2024-11-26 16:11:20,9.7,8500.0,52.6082331,1.5430368,8.7,14.4,7.8,0.5,0.8
2024-11-26 16:11:10,6.159492188,1015.419374,85.00748429,504433,-154.7004943,-17.0,-107.0,-73.0,-9.0,2024-11-26 16:11:21,9.7,8500.0,52.6082119,1.5430422,8.7,14.4,7.8,0.5,0.8
2024-11-26 16:11:11,6.202265625,1015.51711,84.84782552,505928,-155.515282,-17.0,-107.0,-73.0,-9.0,2024-11-26 16:11:22,6.7,5500.0,52.6081851,1.54305,2.9,15.3,10.8,0.5,0.8
2024-11-26 16:11:12,6.239765625,1015.599363,84.67303376,510468,-156.2009359,-10.0,-96.0,-69.0,2.0,2024-11-26 16:11:23,6.7,5500.0,52.6081712,1.5430518,2.9,15.3,10.8,0.5,0.8
2024-11-26 16:11:13,6.27921875,1015.676361,84.51308582,514314,-156.8427525,-10.0,-96.0,-69.0,2.0,2024-11-26 16:11:24,6.7,5500.0,52.6081587,1.5430505,2.9,15.3,10.8,0.5,0.8
2024-11-26 16:11:13,6.316132813,1015.750868,84.3096134,517041,-157.4637601,-18.0,-108.0,-73.0,-9.0,2024-11-26 16:11:25,5.3,4100.0,52.608154,1.5430367,-0.1,14.5,12.3,0.5,0.8
2024-11-26 16:11:14,6.371796875,1015.837668,84.18116613,520987,-158.1871842,-18.0,-108.0,-73.0,-9.0,2024-11-26 16:11:26,5.3,4100.0,52.6081599,1.5429947,-0.1,14.5,12.3,0.5,0.8
2024-11-26 16:11:15,6.417695313,1015.937192,84.00091845,523383,-159.0166013,-19.5,-109.0,-71.0,-19.0,2024-11-26 16:11:26,5.3,4100.0,52.6081599,1.5429947,-0.1,14.5,12.3,0.5,0.8
2024-11-26 16:11:16,6.45578125,1016.049277,83.82681168,527835,-159.9506121,-19.5,-109.0,-71.0,-19.0,2024-11-26 16:11:27,5.2,4000.0,52.608164,1.5429393,1.1,6.8,12.3,0.5,0.8
2024-11-26 16:11:17,6.464570313,1016.157116,83.61965005,531533,-160.8491622,-10.0,-95.0,-69.0,1.0,2024-11-26 16:11:28,5.2,4000.0,52.6081681,1.5428857,1.1,6.8,12.3,0.5,0.8
2024-11-26 16:11:18,6.483125,1016.250539,83.43568189,533611,-161.627535,-10.0,-95.0,-69.0,1.0,2024-11-26 16:11:29,5.2,4000.0,52.6081718,1.5428466,1.1,6.8,12.3,0.5,0.8
2024-11-26 16:11:19,6.501875,1016.289986,83.24470695,536969,-161.956174,-10.0,-95.0,-69.0,1.0,2024-11-26 16:11:30,5.0,3800.0,52.6081757,1.5428191,2.1,0.1,12.5,0.5,0.8
2024-11-26 16:11:20,6.520625,1016.310766,83.07539127,539941,-162.1292937,-10.0,-95.0,-69.0,1.0,2024-11-26 16:11:31,5.0,3800.0,52.60819,1.5428064,2.1,0.1,12.5,0.5,0.8
2024-11-26 16:11:21,6.541914063,1016.320465,82.90657557,544246,-162.2100934,-10.0,-95.0,-69.0,1.0,2024-11-26 16:11:31,5.0,3800.0,52.60819,1.5428064,2.1,0.1,12.5,0.5,0.8
2024-11-26 16:11:21,6.562617188,1016.339378,82.75210933,546424,-162.3676527,-10.0,-95.0,-69.0,1.0,2024-11-26 16:11:32,5.1,3800.0,52.6082186,1.5427946,8.0,-2.1,12.5,0.5,0.8
2024-11-26 16:11:22,6.578046875,1016.373342,82.58263775,549946,-162.6506028,-10.0,-95.0,-69.0,1.0,2024-11-26 16:11:33,5.1,3800.0,52.6082524,1.5427816,8.0,-2.1,12.5,0.5,0.8
2024-11-26 16:11:23,6.593476563,1016.4124,82.41328509,553513,-162.9759661,-19.0,-115.0,-79.0,-20.0,2024-11-26 16:11:34,5.1,3800.0,52.6082821,1.5427737,8.0,-2.1,12.5,0.5,0.8
2024-11-26 16:11:24,6.596992188,1016.431783,82.23512109,554863,-163.1374349,-17.0,-114.0,-81.0,-10.0,2024-11-26 16:11:35,5.1,3900.0,52.6083033,1.5427703,15.8,-3.6,12.5,0.5,0.8
2024-11-26 16:11:25,6.61046875,1016.442157,82.08714164,557127,-163.2238515,-17.0,-114.0,-81.0,-10.0,2024-11-26 16:11:36,5.1,3900.0,52.6083208,1.5427796,15.8,-3.6,12.5,0.5,0.8
2024-11-26 16:11:26,6.620039063,1016.444383,81.93153325,558951,-163.2423918,-17.0,-114.0,-81.0,-10.0,2024-11-26 16:11:37,5.0,3800.0,52.6083368,1.5428147,20.7,0.2,12.5,0.5,0.8
2024-11-26 16:11:27,6.634101563,1016.459118,81.8123558,561711,-163.3651394,-17.0,-114.0,-81.0,-10.0,2024-11-26 16:11:37,5.0,3800.0,52.6083368,1.5428147,20.7,0.2,12.5,0.5,0.8
2024-11-26 16:11:28,6.639960938,1016.478978,81.6492448,564498,-163.5305723,-17.0,-114.0,-81.0,-10.0,2024-11-26 16:11:38,5.0,3800.0,52.6083567,1.542859,20.7,0.2,12.5,0.5,0.8
2024-11-26 16:11:28,6.652460938,1016.494529,81.53709841,566841,-163.6601014,-17.0,-114.0,-81.0,-10.0,2024-11-26 16:11:39,5.0,3800.0,52.6083689,1.5428953,20.7,0.2,12.5,0.5,0.8
2024-11-26 16:11:29,6.661640625,1016.51478,81.38890932,570155,-163.8287895,-17.0,-114.0,-81.0,-10.0,2024-11-26 16:11:40,4.9,3700.0,52.6083674,1.5429394,23.7,7.0,12.6,0.5,0.8
2024-11-26 16:11:30,6.667890625,1016.513219,81.25460721,572067,-163.8157884,-17.0,-114.0,-81.0,-10.0,2024-11-26 16:11:41,4.9,3700.0,52.6083635,1.5429962,23.7,7.0,12.6,0.5,0.8
2024-11-26 16:11:31,6.67140625,1016.525815,81.15553451,573508,-163.9207032,-7.0,-100.0,-75.0,0.0,2024-11-26 16:11:42,4.9,3700.0,52.6083599,1.5430506,22.6,16.5,12.7,0.5,0.8
2024-11-26 16:11:32,6.685273438,1016.541925,81.05093199,575928,-164.0548943,-7.0,-100.0,-75.0,0.0,2024-11-26 16:11:42,4.9,3700.0,52.6083599,1.5430506,22.6,16.5,12.7,0.5,0.8
2024-11-26 16:11:33,6.689960938,1016.542876,80.93080024,576901,-164.0628151,-7.0,-100.0,-75.0,0.0,2024-11-26 16:11:43,4.9,3700.0,52.608353,1.5431038,22.6,16.5,12.7,0.5,0.8
2024-11-26 16:11:34,6.700117188,1016.556253,80.8257455,581322,-164.1742368,-7.0,-100.0,-75.0,0.0,2024-11-26 16:11:44,4.9,3700.0,52.6083363,1.5431534,22.6,16.5,12.7,0.5,0.8
2024-11-26 16:11:35,6.702265625,1016.563196,80.7053519,583309,-164.2320671,-7.0,-100.0,-75.0,0.0,2024-11-26 16:11:45,4.9,3700.0,52.6083213,1.5431969,18.7,24.7,12.7,0.5,0.8
2024-11-26 16:11:35,6.709882813,1016.56559,80.61421278,584308,-164.2520053,-7.0,-100.0,-75.0,0.0,2024-11-26 16:11:46,4.9,3700.0,52.6083084,1.5432321,18.7,24.7,12.7,0.5,0.8
2024-11-26 16:11:36,6.70890625,1016.562279,80.49346526,586819,-164.2244334,-7.0,-100.0,-75.0,0.0,2024-11-26 16:11:47,4.8,3600.0,52.6082868,1.5432499,13.5,29.0,12.7,0.5,0.8
2024-11-26 16:11:37,6.7159375,1016.558613,80.40941112,587324,-164.1938917,-19.5,-108.0,-71.0,-13.0,2024-11-26 16:11:48,4.8,3600.0,52.6082546,1.5432653,13.5,29.0,12.7,0.5,0.8
2024-11-26 16:11:38,6.72375,1016.564724,80.31841498,590371,-164.2447921,-11.0,-100.0,-77.0,-1.0,2024-11-26 16:11:48,4.8,3600.0,52.6082546,1.5432653,13.5,29.0,12.7,0.5,0.8
2024-11-26 16:11:39,6.726875,1016.576675,80.22676159,590371,-164.3443342,-11.0,-100.0,-77.0,-1.0,2024-11-26 16:11:49,4.8,3600.0,52.6082218,1.5432828,13.5,29.0,12.7,0.5,0.8
2024-11-26 16:11:40,6.735664063,1016.570817,80.15014366,592421,-164.2955471,-11.0,-100.0,-77.0,-1.0,2024-11-26 16:11:50,5.0,3800.0,52.6081946,1.5432974,4.7,31.9,12.5,0.5,0.8
2024-11-26 16:11:41,6.742890625,1016.550496,80.05916085,595521,-164.1262826,-11.0,-100.0,-77.0,-1.0,2024-11-26 16:11:51,5.0,3800.0,52.6081733,1.5433072,4.7,31.9,12.5,0.5,0.8
2024-11-26 16:11:42,6.748554688,1016.529291,79.9679828,599707,-163.9496595,-11.0,-100.0,-77.0,-1.0,2024-11-26 16:11:52,4.9,3700.0,52.6081532,1.5432967,-1.2,31.3,12.6,0.5,0.8
2024-11-26 16:11:43,6.757734375,1016.517286,79.88443193,600762,-163.8496653,-11.0,-100.0,-77.0,-1.0,2024-11-26 16:11:53,4.9,3700.0,52.6081264,1.5432685,-1.2,31.3,12.6,0.5,0.8
2024-11-26 16:11:43,6.7675,1016.51983,79.81514027,601291,-163.8708532,-11.0,-100.0,-77.0,-1.0,2024-11-26 16:11:53,4.9,3700.0,52.6081264,1.5432685,-1.2,31.3,12.6,0.5,0.8
2024-11-26 16:11:44,6.781367188,1016.513866,79.75354253,601821,-163.821177,-11.0,-100.0,-77.0,-1.0,2024-11-26 16:11:54,4.9,3700.0,52.6080965,1.5432397,-1.2,31.3,12.6,0.5,0.8
2024-11-26 16:11:45,6.78859375,1016.50203,79.66271216,603417,-163.722585,-11.0,-100.0,-77.0,-1.0,2024-11-26 16:11:55,5.1,3900.0,52.6080699,1.5432141,-9.2,26.5,12.5,0.5,0.8
2024-11-26 16:11:46,6.802265625,1016.475368,79.58699427,606096,-163.5004985,-11.0,-100.0,-77.0,-1.0,2024-11-26 16:11:56,5.1,3900.0,52.6080512,1.5431963,-9.2,26.5,12.5,0.5,0.8
2024-11-26 16:11:47,6.809492188,1016.446552,79.49622791,606635,-163.260463,-11.0,-100.0,-77.0,-1.0,2024-11-26 16:11:57,5.1,3900.0,52.6080398,1.5431715,-12.9,22.5,12.4,0.5,0.8
2024-11-26 16:11:48,6.822773438,1016.434523,79.43462625,609342,-163.1602579,-11.0,-100.0,-77.0,-1.0,2024-11-26 16:11:58,5.1,3900.0,52.608038,1.5431285,-12.9,22.5,12.4,0.5,0.8
2024-11-26 16:11:49,6.83,1016.431173,79.37215131,610978,-163.1323528,-11.0,-100.0,-77.0,-1.0,2024-11-26 16:11:59,5.1,3900.0,52.6080351,1.5430714,-12.9,22.5,12.4,0.5,0.8
2024-11-26 16:11:50,6.837617188,1016.41828,79.28858089,611525,-163.0249546,-13.0,-105.0,-75.0,-6.0,2024-11-26 16:11:59,5.1,3900.0,52.6080351,1.5430714,-12.9,22.5,12.4,0.5,0.8
2024-11-26 16:11:50,6.8409375,1016.410179,79.23262592,612623,-162.9574661,-13.0,-105.0,-75.0,-6.0,2024-11-26 16:12:00,5.3,4100.0,52.608035,1.5430137,-13.4,13.3,12.3,0.5,0.8
2024-11-26 16:11:51,6.849140625,1016.381274,79.17034772,618731,-162.7166732,-13.0,-105.0,-75.0,-6.0,2024-11-26 16:12:01,5.3,4100.0,52.608036,1.5429579,-13.4,13.3,12.3,0.5,0.8
2024-11-26 16:11:52,6.866523438,1016.359031,79.10943156,615384,-162.5313811,-13.0,-105.0,-75.0,-6.0,2024-11-26 16:12:02,5.2,4000.0,52.6080433,1.5429037,-11.8,4.0,12.4,0.5,0.8
2024-11-26 16:11:53,6.86046875,1016.347338,79.03099947,617611,-162.4339714,-13.0,-105.0,-75.0,-6.0,2024-11-26 16:12:03,5.2,4000.0,52.6080578,1.5428501,-11.8,4.0,12.4,0.5,0.8
2024-11-26 16:11:54,6.86046875,1016.335453,78.96757343,621547,-162.3349552,-13.0,-105.0,-75.0,-6.0,2024-11-26 16:12:04,5.2,4000.0,52.6080732,1.5427975,-11.8,4.0,12.4,0.5,0.8
2024-11-26 16:11:55,6.865546875,1016.335346,78.88377564,619292,-162.3340633,-13.0,-105.0,-75.0,-6.0,2024-11-26 16:12:04,5.2,4000.0,52.6080732,1.5427975,-11.8,4.0,12.4,0.5,0.8
2024-11-26 16:11:56,6.871210938,1016.334508,78.82826047,620982,-162.3270827,-13.0,-105.0,-75.0,-6.0,2024-11-26 16:12:05,5.3,4100.0,52.6080921,1.5427488,-7.2,-4.7,12.3,0.5,0.8
2024-11-26 16:11:57,6.880195313,1016.334057,78.77324389,624961,-162.3233241,-13.0,-105.0,-75.0,-6.0,2024-11-26 16:12:06,5.3,4100.0,52.6081133,1.5427027,-7.2,-4.7,12.3,0.5,0.8
2024-11-26 16:11:58,6.878242188,1016.337624,78.70256456,623819,-162.3530478,-13.0,-105.0,-75.0,-6.0,2024-11-26 16:12:07,5.1,3900.0,52.6081322,1.5426649,-1.8,-11.7,12.4,0.5,0.8
2024-11-26 16:11:58,6.88390625,1016.343578,78.6470924,624390,-162.4026475,-13.0,-105.0,-75.0,-6.0,2024-11-26 16:12:08,5.1,3900.0,52.608152,1.5426345,-1.8,-11.7,12.4,0.5,0.8
2024-11-26 16:11:59,6.873554688,1016.343471,78.58226062,630736,-162.4017501,-11.0,-101.0,-79.0,-4.0,2024-11-26 16:12:09,5.1,3900.0,52.6081816,1.5426175,-1.8,-11.7,12.4,0.5,0.8
2024-11-26 16:12:00,6.8675,1016.364039,78.52510768,628413,-162.573101,-11.0,-101.0,-79.0,-4.0,2024-11-26 16:12:10,5.1,3900.0,52.6082155,1.5425991,6.3,-15.2,12.5,0.5,0.8
2024-11-26 16:12:01,6.866523438,1016.39299,78.47574107,632489,-162.8142799,-19.0,-115.0,-75.0,-14.0,2024-11-26 16:12:10,5.1,3900.0,52.6082155,1.5425991,6.3,-15.2,12.5,0.5,0.8
2024-11-26 16:12:02,6.870039063,1016.408982,78.44109992,630736,-162.9474955,-9.0,-102.0,-75.0,-3.0,2024-11-26 16:12:11,5.1,3900.0,52.6082455,1.5425841,6.3,-15.2,12.5,0.5,0.8
2024-11-26 16:12:03,6.8659375,1016.415795,78.38426754,630153,-163.0042467,-19.0,-115.0,-79.0,-13.0,2024-11-26 16:12:12,4.9,3700.0,52.6082745,1.5425751,14.7,-16.8,12.6,0.5,0.8
2024-11-26 16:12:04,6.870625,1016.437117,78.34981078,634841,-163.1818656,-19.0,-115.0,-79.0,-13.0,2024-11-26 16:12:13,4.9,3700.0,52.6083076,1.5425835,14.7,-16.8,12.6,0.5,0.8
2024-11-26 16:12:05,6.869648438,1016.45588,78.30048205,634252,-163.3381668,-11.0,-107.0,-79.0,-3.0,2024-11-26 16:12:14,4.9,3700.0,52.6083428,1.5425933,14.7,-16.8,12.6,0.5,0.8
2024-11-26 16:12:05,6.868671875,1016.466154,78.25116406,635432,-163.4237453,-11.0,-107.0,-79.0,-3.0,2024-11-26 16:12:15,5.1,3900.0,52.6083775,1.5426038,24.5,-14.9,12.5,0.5,0.8
2024-11-26 16:12:06,6.868085938,1016.473676,78.2229831,636024,-163.4864071,-11.0,-107.0,-79.0,-3.0,2024-11-26 16:12:15,5.1,3900.0,52.6083775,1.5426038,24.5,-14.9,12.5,0.5,0.8
2024-11-26 16:12:07,6.869648438,1016.48135,78.18107334,637212,-163.5503268,-19.5,-117.0,-83.0,-13.0,2024-11-26 16:12:16,5.1,3900.0,52.6084155,1.542617,24.5,-14.9,12.5,0.5,0.8
2024-11-26 16:12:08,6.8596875,1016.475093,78.13749585,639600,-163.4982029,-19.5,-117.0,-83.0,-13.0,2024-11-26 16:12:17,5.1,3900.0,52.6084369,1.5426246,31.9,-13.3,12.5,0.5,0.8
2024-11-26 16:12:09,6.862421875,1016.481305,78.10279186,639001,-163.5499509,-19.5,-117.0,-83.0,-13.0,2024-11-26 16:12:18,5.1,3900.0,52.6084526,1.542638,31.9,-13.3,12.5,0.5,0.8
2024-11-26 16:12:10,6.855195313,1016.494843,78.05962737,640200,-163.6627209,-11.0,-104.0,-77.0,-1.0,2024-11-26 16:12:19,5.1,3900.0,52.6084607,1.5426757,31.9,-13.3,12.5,0.5,0.8
2024-11-26 16:12:11,6.85578125,1016.511092,78.03865826,640200,-163.7980689,-11.0,-104.0,-77.0,-1.0,2024-11-26 16:12:20,5.0,3800.0,52.6084736,1.542729,31.9,-13.3,12.5,0.5,0.8
2024-11-26 16:12:12,6.84640625,1016.515988,78.01624469,640801,-163.8388547,-11.0,-104.0,-77.0,-1.0,2024-11-26 16:12:21,5.0,3800.0,52.6084861,1.5427829,31.9,-13.3,12.5,0.5,0.8
2024-11-26 16:12:13,6.847382813,1016.515903,77.9883201,643822,-163.8381422,-11.0,-104.0,-77.0,-1.0,2024-11-26 16:12:21,5.0,3800.0,52.6084861,1.5427829,31.9,-13.3,12.5,0.5,0.8
2024-11-26 16:12:13,6.8425,1016.516331,77.96656395,642006,-163.8417046,-11.0,-104.0,-77.0,-1.0,2024-11-26 16:12:22,5.0,3800.0,52.6084975,1.542838,31.9,-13.3,12.5,0.5,0.8
2024-11-26 16:12:14,6.84171875,1016.515041,77.94540516,643216,-163.8309602,-11.0,-104.0,-77.0,-1.0,2024-11-26 16:12:23,5.0,3800.0,52.6085072,1.5428885,38.3,2.0,12.6,0.5,0.8
2024-11-26 16:12:15,6.835078125,1016.51766,77.9163844,644430,-163.8527748,-11.0,-104.0,-81.0,-1.0,2024-11-26 16:12:24,5.0,3800.0,52.6085133,1.5429358,38.3,2.0,12.6,0.5,0.8
2024-11-26 16:12:16,6.831171875,1016.523095,77.89477725,646260,-163.8980507,-17.0,-114.0,-81.0,-11.0,2024-11-26 16:12:25,5.0,3800.0,52.608508,1.5429877,39.4,10.3,12.5,0.5,0.8
2024-11-26 16:12:17,6.818085938,1016.528654,77.86482924,647486,-163.9443565,-17.0,-114.0,-81.0,-11.0,2024-11-26 16:12:26,5.0,3800.0,52.608501,1.5430451,39.4,10.3,12.5,0.5,0.8
2024-11-26 16:12:18,6.815742188,1016.517993,77.85046556,649334,-163.8555534,-8.0,-105.0,-81.0,5.0,2024-11-26 16:12:26,5.0,3800.0,52.608501,1.5430451,39.4,10.3,12.5,0.5,0.8
2024-11-26 16:12:19,6.805390625,1016.507693,77.84195398,649334,-163.7697543,-8.0,-105.0,-81.0,5.0,2024-11-26 16:12:27,5.0,3800.0,52.6084942,1.5431032,39.4,10.3,12.5,0.5,0.8
2024-11-26 16:12:20,6.803828125,1016.510206,77.82069422,648717,-163.790691,-8.0,-105.0,-81.0,5.0,2024-11-26 16:12:28,5.0,3800.0,52.6084871,1.5431605,37.4,20.0,12.6,0.5,0.8
2024-11-26 16:12:20,6.800703125,1016.513535,77.7992102,650571,-163.8184218,-15.0,-111.0,-79.0,-6.0,2024-11-26 16:12:29,5.0,3800.0,52.6084802,1.5432172,37.4,20.0,12.6,0.5,0.8
2024-11-26 16:12:21,6.802851563,1016.520478,77.78550149,657463,-163.8762541,-15.0,-111.0,-79.0,-6.0,2024-11-26 16:12:30,4.9,3700.0,52.6084697,1.5432719,35.2,29.6,12.6,0.5,0.8
2024-11-26 16:12:22,6.795039063,1016.531348,77.78437024,649334,-163.9667903,-15.0,-111.0,-79.0,-6.0,2024-11-26 16:12:31,4.9,3700.0,52.6084552,1.5433245,35.2,29.6,12.6,0.5,0.8
2024-11-26 16:12:23,6.795039063,1016.533045,77.76334228,653686,-163.9809319,-15.0,-111.0,-79.0,-6.0,2024-11-26 16:12:32,4.9,3700.0,52.6084404,1.5433773,35.2,29.6,12.6,0.5,0.8
2024-11-26 16:12:24,6.793476563,1016.530465,77.74209013,656199,-163.959442,-15.0,-111.0,-79.0,-6.0,2024-11-26 16:12:32,4.9,3700.0,52.6084404,1.5433773,35.2,29.6,12.6,0.5,0.8
2024-11-26 16:12:25,6.790351563,1016.535492,77.73462965,652437,-164.0013114,-15.0,-111.0,-79.0,-6.0,2024-11-26 16:12:33,5.0,3800.0,52.6084252,1.5434272,31.0,38.5,12.6,0.5,0.8
2024-11-26 16:12:26,6.791132813,1016.521502,77.72072696,657463,-163.884782,-15.0,-111.0,-79.0,-6.0,2024-11-26 16:12:34,5.0,3800.0,52.6084135,1.5434667,31.0,38.5,12.6,0.5,0.8
2024-11-26 16:12:27,6.792109375,1016.529906,77.71386071,656199,-163.9547798,-15.0,-111.0,-79.0,-6.0,2024-11-26 16:12:35,5.0,3800.0,52.6084077,1.543481,27.1,45.2,12.6,0.5,0.8
2024-11-26 16:12:27,6.794453125,1016.532078,77.70018533,656831,-163.9728732,-15.0,-111.0,-79.0,-6.0,2024-11-26 16:12:36,5.0,3800.0,52.6083647,1.543519,27.1,45.2,12.6,0.5,0.8
2024-11-26 16:12:28,6.797773438,1016.525676,77.69365879,657463,-163.9195472,-15.0,-111.0,-79.0,-6.0,2024-11-26 16:12:37,5.0,3800.0,52.6083328,1.5435453,27.1,45.2,12.6,0.5,0.8
2024-11-26 16:12:29,6.800117188,1016.515963,77.68699113,658097,-163.838647,-15.0,-111.0,-79.0,-6.0,2024-11-26 16:12:37,5.0,3800.0,52.6083328,1.5435453,27.1,45.2,12.6,0.5,0.8
2024-11-26 16:12:30,6.808515625,1016.512852,77.67419327,660006,-163.8127334,-17.0,-111.0,-79.0,-17.0,2024-11-26 16:12:38,5.0,3800.0,52.6083032,1.5435682,18.7,49.2,12.6,0.5,0.8
2024-11-26 16:12:31,6.81203125,1016.513564,77.66068972,661285,-163.8186582,-8.0,-101.0,-77.0,1.0,2024-11-26 16:12:39,5.0,3800.0,52.6082704,1.543577,18.7,49.2,12.6,0.5,0.8
2024-11-26 16:12:32,6.821210938,1016.521929,77.66201787,660645,-163.8883392,-8.0,-101.0,-77.0,1.0,2024-11-26 16:12:40,4.8,3600.0,52.608234,1.5435777,9.4,50.9,12.7,0.5,0.8
2024-11-26 16:12:33,6.824335938,1016.521995,77.64145302,661926,-163.8888906,-8.0,-101.0,-77.0,1.0,2024-11-26 16:12:41,4.8,3600.0,52.6081983,1.5435782,9.4,50.9,12.7,0.5,0.8
2024-11-26 16:12:34,6.829609375,1016.522213,77.62120076,661926,-163.8907041,-8.0,-101.0,-77.0,1.0,2024-11-26 16:12:42,4.8,3600.0,52.6081635,1.5435787,9.4,50.9,12.7,0.5,0.8
2024-11-26 16:12:35,6.827851563,1016.524404,77.62795132,663212,-163.9089564,-8.0,-101.0,-77.0,1.0,2024-11-26 16:12:43,4.9,3600.0,52.6081289,1.5435723,-0.4,50.9,12.7,0.5,0.8
2024-11-26 16:12:35,6.838398438,1016.509559,77.61546758,662568,-163.7852965,-8.0,-101.0,-77.0,1.0,2024-11-26 16:12:43,4.9,3600.0,52.6081289,1.5435723,-0.4,50.9,12.7,0.5,0.8
2024-11-26 16:12:36,6.840351563,1016.490711,77.59473723,663212,-163.6282986,-8.0,-101.0,-77.0,1.0,2024-11-26 16:12:44,4.9,3600.0,52.6080956,1.5435477,-0.4,50.9,12.7,0.5,0.8
2024-11-26 16:12:37,6.84640625,1016.505801,77.58160546,663212,-163.7539966,-18.0,-109.0,-75.0,-13.0,2024-11-26 16:12:45,4.8,3600.0,52.6080632,1.5435222,-9.8,47.4,12.7,0.5,0.8
2024-11-26 16:12:38,6.852070313,1016.503267,77.56841793,663857,-163.7328905,-18.0,-109.0,-75.0,-13.0,2024-11-26 16:12:46,4.8,3600.0,52.6080312,1.5434989,-9.8,47.4,12.7,0.5,0.8
2024-11-26 16:12:39,6.86046875,1016.510341,77.55562665,665151,-163.7918176,-11.0,-104.0,-75.0,-1.0,2024-11-26 16:12:47,4.8,3600.0,52.6079991,1.5434776,-9.8,47.4,12.7,0.5,0.8
2024-11-26 16:12:40,6.8675,1016.501575,77.55664376,666449,-163.718793,-11.0,-104.0,-75.0,-1.0,2024-11-26 16:12:48,4.8,3600.0,52.6079725,1.5434613,-18.6,43.6,12.8,0.5,0.8
2024-11-26 16:12:41,6.886445313,1016.510779,77.53837658,667753,-163.7954654,-11.0,-104.0,-75.0,-1.0,2024-11-26 16:12:48,4.8,3600.0,52.6079725,1.5434613,-18.6,43.6,12.8,0.5,0.8
2024-11-26 16:12:42,6.894648438,1016.50055,77.52555891,668407,-163.7102585,-11.0,-104.0,-75.0,-1.0,2024-11-26 16:12:49,4.8,3600.0,52.6079509,1.5434354,-18.6,43.6,12.8,0.5,0.8
2024-11-26 16:12:42,6.9003125,1016.492921,77.49137051,667100,-163.6467072,-11.0,-104.0,-75.0,-1.0,2024-11-26 16:12:50,4.9,3700.0,52.6079407,1.54341,-24.5,38.5,12.6,0.5,0.8
2024-11-26 16:12:43,6.89875,1016.475058,77.48414357,669062,-163.4979193,-15.0,-108.0,-75.0,-11.0,2024-11-26 16:12:51,4.9,3700.0,52.6079122,1.5433424,-24.5,38.5,12.6,0.5,0.8
2024-11-26 16:12:44,6.9034375,1016.464118,77.4568199,670376,-163.4067893,-8.0,-103.0,-77.0,-1.0,2024-11-26 16:12:52,4.9,3700.0,52.607894,1.5432905,-24.5,38.5,12.6,0.5,0.8
2024-11-26 16:12:45,6.894257813,1016.437078,77.42049564,673684,-163.181538,-8.0,-103.0,-77.0,-1.0,2024-11-26 16:12:53,5.0,3800.0,52.6078854,1.5432577,-29.7,30.0,12.5,0.5,0.8
2024-11-26 16:12:46,6.896796875,1016.436175,77.40686541,669718,-163.17402,-8.0,-103.0,-77.0,-1.0,2024-11-26 16:12:54,5.0,3800.0,52.6078656,1.5431825,-29.7,30.0,12.5,0.5,0.8
2024-11-26 16:12:47,6.8925,1016.420591,77.38525021,669718,-163.0442051,-8.0,-103.0,-77.0,-1.0,2024-11-26 16:12:54,5.0,3800.0,52.6078656,1.5431825,-29.7,30.0,12.5,0.5,0.8
2024-11-26 16:12:48,6.895625,1016.40877,77.38570178,669718,-162.9457281,-8.0,-103.0,-77.0,-1.0,2024-11-26 16:12:55,5.1,3800.0,52.6078506,1.5431301,-33.8,20.9,12.5,0.5,0.8
2024-11-26 16:12:49,6.894648438,1016.395271,77.3575714,672357,-162.8332816,-8.0,-103.0,-77.0,-1.0,2024-11-26 16:12:56,5.1,3800.0,52.6078378,1.5430848,-33.8,20.9,12.5,0.5,0.8
2024-11-26 16:12:50,6.89328125,1016.396411,77.32938814,673684,-162.8427711,-8.0,-103.0,-77.0,-1.0,2024-11-26 16:12:57,5.1,3800.0,52.6078286,1.5430453,-33.8,20.9,12.5,0.5,0.8
2024-11-26 16:12:50,6.8940625,1016.409587,77.31550939,675016,-162.9525314,-8.0,-103.0,-77.0,-1.0,2024-11-26 16:12:58,5.1,3900.0,52.6078331,1.5430019,-36.7,13.8,12.4,0.5,0.8
2024-11-26 16:12:51,6.894648438,1016.415648,77.30859853,681077,-163.0030246,-8.0,-103.0,-77.0,-1.0,2024-11-26 16:12:59,5.1,3900.0,52.6078434,1.5429446,-36.7,13.8,12.4,0.5,0.8
2024-11-26 16:12:52,6.893671875,1016.429318,77.28047781,679045,-163.1169006,-8.0,-103.0,-77.0,-1.0,2024-11-26 16:12:59,5.1,3900.0,52.6078434,1.5429446,-36.7,13.8,12.4,0.5,0.8
2024-11-26 16:12:53,6.8925,1016.440968,77.27331425,677696,-163.2139442,-8.0,-103.0,-77.0,-1.0,2024-11-26 16:13:00,4.9,3700.0,52.6078507,1.5428879,-34.1,4.6,12.7,0.5,0.8
2024-11-26 16:12:54,6.891523438,1016.454638,77.25219147,678370,-163.3278172,-8.0,-103.0,-77.0,-1.0,2024-11-26 16:13:01,4.9,3700.0,52.6078584,1.5428321,-34.1,4.6,12.7,0.5,0.8
2024-11-26 16:12:55,6.891523438,1016.45294,77.23820469,679045,-163.3136725,-8.0,-101.0,-77.0,2.0,2024-11-26 16:13:02,4.9,3700.0,52.6078662,1.542775,-34.1,4.6,12.7,0.5,0.8
2024-11-26 16:12:56,6.881757813,1016.453798,77.22280974,678370,-163.3208211,-18.0,-115.0,-81.0,-12.0,2024-11-26 16:13:03,5.0,3800.0,52.6078796,1.5427208,-31.7,-5.0,12.6,0.5,0.8
2024-11-26 16:12:56,6.916914063,1016.464291,77.24186967,679045,-163.4082303,-18.0,-115.0,-81.0,-12.0,2024-11-26 16:13:04,5.0,3800.0,52.6079012,1.5426733,-31.7,-5.0,12.6,0.5,0.8
2024-11-26 16:12:57,6.905390625,1016.475833,77.19125837,679721,-163.5043721,-18.0,-115.0,-81.0,-12.0,2024-11-26 16:13:05,4.8,3600.0,52.607922,1.5426245,-26.1,-13.3,12.7,0.5,0.8
2024-11-26 16:12:58,6.909101563,1016.478563,77.18480211,680398,-163.5271145,-9.0,-103.0,-77.0,1.0,2024-11-26 16:13:05,4.8,3600.0,52.607922,1.5426245,-26.1,-13.3,12.7,0.5,0.8
2024-11-26 16:12:59,6.901289063,1016.486043,77.15571057,685178,-163.5894144,-9.0,-103.0,-77.0,1.0,2024-11-26 16:13:06,4.8,3600.0,52.6079412,1.5425755,-26.1,-13.3,12.7,0.5,0.8
2024-11-26 16:13:00,6.894257813,1016.484623,77.13372567,687248,-163.5775879,-9.0,-103.0,-83.0,1.0,2024-11-26 16:13:07,4.8,3600.0,52.6079607,1.5425272,-26.1,-13.3,12.7,0.5,0.8
2024-11-26 16:13:01,6.884882813,1016.482729,77.12538425,683806,-163.5618168,-13.0,-109.0,-81.0,-8.0,2024-11-26 16:13:08,4.9,3700.0,52.6079743,1.5425006,-20.5,-21.5,12.6,0.5,0.8
2024-11-26 16:13:02,6.8784375,1016.482277,77.11047639,680398,-163.5580447,-13.0,-109.0,-81.0,-8.0,2024-11-26 16:13:09,4.9,3700.0,52.6080214,1.5424492,-20.5,-21.5,12.6,0.5,0.8
2024-11-26 16:13:03,6.87453125,1016.479223,77.1029244,685867,-163.5326131,-13.0,-109.0,-81.0,-8.0,2024-11-26 16:13:10,5.0,3800.0,52.6080511,1.5424159,-12.4,-27.0,12.5,0.5,0.8
2024-11-26 16:13:03,6.873554688,1016.467423,77.10278367,685178,-163.4343188,-13.0,-109.0,-81.0,-8.0,2024-11-26 16:13:10,5.0,3800.0,52.6080511,1.5424159,-12.4,-27.0,12.5,0.5,0.8
2024-11-26 16:13:04,6.866914063,1016.468346,77.07387312,684491,-163.4420033,-13.0,-109.0,-81.0,-8.0,2024-11-26 16:13:11,5.0,3800.0,52.6080632,1.5424029,-12.4,-27.0,12.5,0.5,0.8
2024-11-26 16:13:05,6.865351563,1016.464068,77.07364804,685178,-163.4063713,-10.0,-104.0,-81.0,-1.0,2024-11-26 16:13:12,5.0,3800.0,52.6081117,1.5423512,-12.4,-27.0,12.5,0.5,0.8
2024-11-26 16:13:06,6.8565625,1016.466537,77.04443224,684491,-163.4269389,-10.0,-104.0,-81.0,-1.0,2024-11-26 16:13:13,5.0,3800.0,52.6081237,1.5423382,-3.9,-32.5,12.5,0.5,0.9
2024-11-26 16:13:07,6.858710938,1016.466688,77.05172876,685178,-163.4281977,-19.0,-113.0,-77.0,-16.0,2024-11-26 16:13:14,5.0,3800.0,52.6081768,1.5423056,-3.9,-32.5,12.5,0.5,0.8
2024-11-26 16:13:08,6.848554688,1016.47539,77.03629239,687940,-163.5006779,-9.0,-104.0,-79.0,-3.0,2024-11-26 16:13:15,5.0,3800.0,52.6082121,1.5422921,5.4,-35.7,12.5,0.5,0.8
2024-11-26 16:13:09,6.8425,1016.470487,77.03542075,686557,-163.4598401,-9.0,-104.0,-79.0,-3.0,2024-11-26 16:13:16,5.0,3800.0,52.6082262,1.5422868,5.4,-35.7,12.5,0.5,0.8
2024-11-26 16:13:10,6.839375,1016.467026,77.02798436,685867,-163.4310062,-9.0,-104.0,-79.0,-3.0,2024-11-26 16:13:16,5.0,3800.0,52.6082262,1.5422868,5.4,-35.7,12.5,0.5,0.8
2024-11-26 16:13:11,6.8425,1016.470487,77.04240754,687940,-163.4598401,-19.0,-113.0,-77.0,-14.0,2024-11-26 16:13:17,5.0,3800.0,52.6082615,1.542274,5.4,-35.7,12.5,0.5,0.8
2024-11-26 16:13:11,6.837226563,1016.47876,77.0416484,687248,-163.5287485,-19.0,-113.0,-77.0,-14.0,2024-11-26 16:13:18,5.0,3800.0,52.6082952,1.5422611,15.2,-37.9,12.5,0.5,0.8
2024-11-26 16:13:12,6.838398438,1016.502767,77.03483034,687940,-163.7287249,-19.0,-113.0,-77.0,-14.0,2024-11-26 16:13:19,5.0,3800.0,52.6083392,1.5422474,15.2,-37.9,12.5,0.5,0.8
2024-11-26 16:13:13,6.829609375,1016.501839,77.01959259,686557,-163.7209924,-19.0,-113.0,-77.0,-14.0,2024-11-26 16:13:20,5.0,3800.0,52.6083504,1.5422515,23.1,-38.2,12.6,0.5,0.9
2024-11-26 16:13:14,6.829609375,1016.506932,77.01260656,686557,-163.7634206,-19.0,-113.0,-77.0,-14.0,2024-11-26 16:13:21,5.0,3800.0,52.6083837,1.5422704,23.1,-38.2,12.6,0.5,0.9
2024-11-26 16:13:15,6.824335938,1016.527089,77.02581994,687248,-163.9313178,-19.0,-113.0,-77.0,-14.0,2024-11-26 16:13:21,5.0,3800.0,52.6083837,1.5422704,23.1,-38.2,12.6,0.5,0.9
2024-11-26 16:13:16,6.81984375,1016.534952,77.02517353,692125,-163.9968164,-19.0,-113.0,-77.0,-14.0,2024-11-26 16:13:22,5.0,3800.0,52.6084383,1.5423015,23.1,-38.2,12.6,0.5,0.9
2024-11-26 16:13:17,6.818867188,1016.53334,77.02503301,688634,-163.9833855,-19.0,-113.0,-77.0,-14.0,2024-11-26 16:13:23,4.8,3600.0,52.6084516,1.5423097,32.7,-34.8,12.7,0.5,0.9
2024-11-26 16:13:18,6.820429688,1016.534222,77.01827168,689330,-163.9907327,-19.0,-113.0,-77.0,-14.0,2024-11-26 16:13:24,4.8,3600.0,52.6085043,1.5423426,32.7,-34.8,12.7,0.5,0.9
2024-11-26 16:13:18,6.812617188,1016.531509,77.00317612,687248,-163.9681382,-19.0,-113.0,-77.0,-14.0,2024-11-26 16:13:25,5.0,3800.0,52.6085168,1.5423542,41.6,-30.7,12.6,0.5,0.9
2024-11-26 16:13:19,6.812617188,1016.534905,77.01714766,690026,-163.9964223,-12.0,-107.0,-77.0,-4.0,2024-11-26 16:13:26,5.0,3800.0,52.6085469,1.5423875,41.6,-30.7,12.6,0.5,0.9
2024-11-26 16:13:20,6.804804688,1016.528797,77.0230098,690026,-163.945542,-12.0,-107.0,-77.0,-4.0,2024-11-26 16:13:27,5.0,3800.0,52.6085767,1.5424222,41.6,-30.7,12.6,0.5,0.9
2024-11-26 16:13:21,6.8065625,1016.540188,77.02326268,688634,-164.0404273,-12.0,-107.0,-77.0,-4.0,2024-11-26 16:13:27,5.0,3800.0,52.6085767,1.5424222,41.6,-30.7,12.6,0.5,0.9
2024-11-26 16:13:22,6.8065625,1016.560562,77.03723541,686557,-164.2101278,-19.0,-111.0,-75.0,-14.0,2024-11-26 16:13:28,5.0,3800.0,52.6086109,1.5424647,49.9,-24.9,12.6,0.5,0.9
2024-11-26 16:13:23,6.810078125,1016.566367,77.03075474,690026,-164.2584798,-19.0,-111.0,-75.0,-14.0,2024-11-26 16:13:29,5.0,3800.0,52.6086406,1.5425027,49.9,-24.9,12.6,0.5,0.9
2024-11-26 16:13:24,6.807929688,1016.552633,77.02345936,690026,-164.1440814,-19.0,-111.0,-75.0,-14.0,2024-11-26 16:13:30,5.0,3800.0,52.6086521,1.5425403,55.1,-19.6,12.6,0.5,0.9
2024-11-26 16:13:25,6.809101563,1016.544381,77.03061424,687940,-164.075348,-18.0,-114.0,-79.0,-20.0,2024-11-26 16:13:31,5.0,3800.0,52.6086575,1.5425732,55.1,-19.6,12.6,0.5,0.9
2024-11-26 16:13:25,6.80734375,1016.534687,77.03036133,690725,-163.9946047,-19.0,-115.0,-81.0,-13.0,2024-11-26 16:13:32,5.0,3800.0,52.6086701,1.5426521,55.1,-19.6,12.6,0.5,0.9
2024-11-26 16:13:26,6.802460938,1016.524927,77.01568664,689330,-163.9133074,-18.0,-111.0,-75.0,-12.0,2024-11-26 16:13:32,5.0,3800.0,52.6086701,1.5426521,55.1,-19.6,12.6,0.5,0.9
2024-11-26 16:13:27,6.799335938,1016.528256,77.02222312,691424,-163.9410371,-18.0,-111.0,-75.0,-12.0,2024-11-26 16:13:33,5.1,3900.0,52.6086777,1.54271,57.6,-10.3,12.4,0.5,0.9
2024-11-26 16:13:28,6.803828125,1016.53058,77.02985555,694237,-163.9603947,-18.0,-111.0,-75.0,-12.0,2024-11-26 16:13:34,5.1,3900.0,52.6086824,1.5427451,57.6,-10.3,12.4,0.5,0.9
2024-11-26 16:13:29,6.796796875,1016.529157,77.01487194,695652,-163.9485413,-18.0,-111.0,-75.0,-12.0,2024-11-26 16:13:35,5.0,3800.0,52.6086907,1.5428027,59.8,-0.5,12.5,0.5,0.9
2024-11-26 16:13:30,6.803828125,1016.528882,77.02286932,692125,-163.9462528,-18.0,-111.0,-75.0,-12.0,2024-11-26 16:13:36,5.0,3800.0,52.6086945,1.5428253,59.8,-0.5,12.5,0.5,0.9
2024-11-26 16:13:31,6.797773438,1016.518885,77.0150124,692125,-163.86298,-18.0,-111.0,-75.0,-12.0,2024-11-26 16:13:37,5.0,3800.0,52.6087054,1.5429172,59.8,-0.5,12.5,0.5,0.9
2024-11-26 16:13:31,6.8065625,1016.518117,77.02326268,694237,-163.856582,-18.0,-111.0,-75.0,-12.0,2024-11-26 16:13:38,5.0,3800.0,52.6087029,1.5430003,61.0,9.4,12.5,0.5,0.9
2024-11-26 16:13:32,6.80421875,1016.509153,77.02292551,693532,-163.7819213,-18.0,-111.0,-75.0,-12.0,2024-11-26 16:13:38,5.0,3800.0,52.6087029,1.5430003,61.0,9.4,12.5,0.5,0.9
2024-11-26 16:13:33,6.795625,1016.51364,77.00771767,692828,-163.8192896,-18.0,-111.0,-75.0,-12.0,2024-11-26 16:13:39,5.0,3800.0,52.6086998,1.5430594,61.0,9.4,12.5,0.5,0.9
2024-11-26 16:13:34,6.78859375,1016.51731,77.02067806,693532,-163.8498607,-18.0,-111.0,-75.0,-12.0,2024-11-26 16:13:40,5.0,3800.0,52.6086976,1.5430947,60.2,19.5,12.6,0.5,0.9
2024-11-26 16:13:35,6.791914063,1016.514303,77.02814172,694237,-163.8248183,-18.0,-111.0,-75.0,-12.0,2024-11-26 16:13:41,5.0,3800.0,52.6086941,1.543153,60.2,19.5,12.6,0.5,0.9
2024-11-26 16:13:36,6.782148438,1016.513458,77.02673719,692125,-163.8177806,-18.0,-111.0,-75.0,-12.0,2024-11-26 16:13:42,5.0,3800.0,52.6086869,1.5432098,60.2,19.5,12.6,0.5,0.9
2024-11-26 16:13:37,6.78625,1016.515138,77.02732707,694237,-163.8317673,-19.5,-117.0,-77.0,-15.0,2024-11-26 16:13:43,5.0,3800.0,52.6086776,1.5432665,58.2,29.1,12.5,0.5,0.9
2024-11-26 16:13:38,6.785859375,1016.512795,77.03425718,694944,-163.8122531,-19.5,-117.0,-77.0,-15.0,2024-11-26 16:13:43,5.0,3800.0,52.6086776,1.5432665,58.2,29.1,12.5,0.5,0.9
2024-11-26 16:13:39,6.787421875,1016.517072,77.02749561,694237,-163.8478849,-12.0,-102.0,-73.0,-3.0,2024-11-26 16:13:44,5.0,3800.0,52.6086671,1.5433242,58.2,29.1,12.5,0.5,0.9
2024-11-26 16:13:39,6.794453125,1016.528682,77.0354933,698499,-163.9445899,-12.0,-102.0,-73.0,-3.0,2024-11-26 16:13:45,5.0,3800.0,52.608656,1.5433815,55.2,38.8,12.5,0.5,0.9
2024-11-26 16:13:40,6.799726563,1016.535692,77.03625192,695652,-164.0029766,-12.0,-102.0,-73.0,-3.0,2024-11-26 16:13:46,5.0,3800.0,52.6086448,1.543437,55.2,38.8,12.5,0.5,0.9
2024-11-26 16:13:41,6.796015625,1016.54824,77.03571807,699931,-164.1074957,-19.0,-111.0,-81.0,-12.0,2024-11-26 16:13:47,5.0,3800.0,52.6086293,1.5434898,55.2,38.8,12.5,0.5,0.9
2024-11-26 16:13:42,6.80734375,1016.565248,77.03734782,696361,-164.2491559,-10.0,-104.0,-77.0,0.0,2024-11-26 16:13:48,4.8,3600.0,52.6086122,1.5435421,51.1,47.9,12.7,0.5,0.9
2024-11-26 16:13:43,6.806953125,1016.576487,77.03729161,697072,-164.342774,-10.0,-104.0,-77.0,0.0,2024-11-26 16:13:49,4.8,3600.0,52.6085949,1.5435937,51.1,47.9,12.7,0.5,0.9
2024-11-26 16:13:44,6.818085938,1016.584683,77.03889354,699214,-164.4110392,-10.0,-104.0,-77.0,0.0,2024-11-26 16:13:49,4.8,3600.0,52.6085949,1.5435937,51.1,47.9,12.7,0.5,0.9
2024-11-26 16:13:45,6.819257813,1016.581525,77.02508922,699214,-164.3847315,-10.0,-104.0,-77.0,0.0,2024-11-26 16:13:50,4.8,3600.0,52.6085783,1.5436423,46.4,56.4,12.8,0.5,0.9
2024-11-26 16:13:46,6.830976563,1016.572011,77.0267756,697072,-164.305491,-10.0,-104.0,-77.0,0.0,2024-11-26 16:13:51,4.8,3600.0,52.608559,1.5436866,46.4,56.4,12.8,0.5,0.9
2024-11-26 16:13:46,6.8346875,1016.566253,77.01333732,698499,-164.2575332,-10.0,-104.0,-77.0,0.0,2024-11-26 16:13:52,4.8,3600.0,52.6085301,1.5437216,46.4,56.4,12.8,0.5,0.9
2024-11-26 16:13:47,6.84484375,1016.564346,77.01479901,699931,-164.2416468,-10.0,-104.0,-77.0,0.0,2024-11-26 16:13:53,4.8,3600.0,52.608501,1.5437574,39.0,62.7,12.7,0.5,0.9
2024-11-26 16:13:48,6.845820313,1016.565958,77.00096788,699214,-164.2550773,-10.0,-104.0,-77.0,0.0,2024-11-26 16:13:54,4.8,3600.0,52.6084734,1.5437936,39.0,62.7,12.7,0.5,0.9
2024-11-26 16:13:49,6.837226563,1016.553467,76.99973118,700650,-164.1510303,-10.0,-104.0,-77.0,0.0,2024-11-26 16:13:54,4.8,3600.0,52.6084734,1.5437936,39.0,62.7,12.7,0.5,0.9
2024-11-26 16:13:50,6.84171875,1016.540509,77.00037761,700650,-164.0431013,-16.0,-108.0,-75.0,-11.0,2024-11-26 16:13:55,4.8,3600.0,52.608446,1.5438292,31.1,68.7,12.7,0.5,0.9
2024-11-26 16:13:51,6.848945313,1016.53716,77.00141763,699214,-164.0152027,-16.0,-108.0,-75.0,-11.0,2024-11-26 16:13:56,4.8,3600.0,52.608415,1.5438567,31.1,68.7,12.7,0.5,0.9
2024-11-26 16:13:52,6.853046875,1016.530348,76.99502238,705720,-163.9584674,-16.0,-108.0,-75.0,-11.0,2024-11-26 16:13:57,4.8,3600.0,52.6083821,1.543879,31.1,68.7,12.7,0.5,0.9
2024-11-26 16:13:53,6.863398438,1016.532158,76.98254165,701369,-163.9735409,-16.0,-108.0,-75.0,-11.0,2024-11-26 16:13:58,4.9,3700.0,52.6083486,1.5439009,22.0,72.5,12.6,0.5,0.9
2024-11-26 16:13:54,6.863789063,1016.534501,76.98958312,699931,-163.9930562,-16.0,-108.0,-75.0,-11.0,2024-11-26 16:13:59,4.9,3700.0,52.6083142,1.5439218,22.0,72.5,12.6,0.5,0.9
2024-11-26 16:13:54,6.878828125,1016.51858,76.97079264,704264,-163.8604377,-16.0,-108.0,-75.0,-11.0,2024-11-26 16:14:00,4.9,3700.0,52.6082823,1.54394,12.8,75.8,12.7,0.5,0.9
2024-11-26 16:13:55,6.885078125,1016.491542,76.97169237,700650,-163.6352235,-10.0,-100.0,-73.0,-1.0,2024-11-26 16:14:00,4.9,3700.0,52.6082823,1.54394,12.8,75.8,12.7,0.5,0.9
2024-11-26 16:13:56,6.896210938,1016.484451,76.95932569,702091,-163.5761584,-10.0,-100.0,-73.0,-1.0,2024-11-26 16:14:01,4.9,3700.0,52.6082499,1.5439471,12.8,75.8,12.7,0.5,0.9
2024-11-26 16:13:57,6.899726563,1016.461388,76.93887906,701369,-163.3840468,-19.0,-109.0,-73.0,-20.0,2024-11-26 16:14:02,4.9,3700.0,52.6082146,1.5439431,12.8,75.8,12.7,0.5,0.9
2024-11-26 16:13:58,6.899335938,1016.448857,76.931839,704264,-163.2796613,-11.0,-99.0,-71.0,-2.0,2024-11-26 16:14:03,5.0,3800.0,52.6081789,1.5439407,3.1,75.4,12.5,0.5,0.9
2024-11-26 16:13:59,6.905390625,1016.440174,76.92572692,704264,-163.2073288,-11.0,-99.0,-71.0,-2.0,2024-11-26 16:14:04,5.0,3800.0,52.6081425,1.5439375,3.1,75.4,12.5,0.5,0.9
2024-11-26 16:14:00,6.908515625,1016.435144,76.90522699,702814,-163.1654317,-11.0,-99.0,-71.0,-2.0,2024-11-26 16:14:05,5.0,3800.0,52.6081062,1.5439293,-7.0,74.3,12.5,0.5,0.9
2024-11-26 16:14:01,6.912226563,1016.420893,76.88481319,704991,-163.0467188,-11.0,-99.0,-71.0,-2.0,2024-11-26 16:14:05,5.0,3800.0,52.6081062,1.5439293,-7.0,74.3,12.5,0.5,0.9
2024-11-26 16:14:01,6.92140625,1016.402085,76.87915208,703538,-162.8900392,-11.0,-99.0,-71.0,-2.0,2024-11-26 16:14:06,5.0,3800.0,52.6080709,1.54392,-7.0,74.3,12.5,0.5,0.9
2024-11-26 16:14:02,6.924335938,1016.384845,76.85164664,702814,-162.7464282,-11.0,-99.0,-71.0,-2.0,2024-11-26 16:14:07,5.0,3800.0,52.6080357,1.5439121,-7.0,74.3,12.5,0.5,0.9
2024-11-26 16:14:03,6.931171875,1016.37745,76.85263036,703538,-162.6848218,-11.0,-99.0,-71.0,-2.0,2024-11-26 16:14:08,5.2,4000.0,52.6080009,1.5439019,-16.8,72.8,12.4,0.5,0.9
2024-11-26 16:14:04,6.932148438,1016.362081,76.82484698,710124,-162.556786,-11.0,-99.0,-71.0,-2.0,2024-11-26 16:14:09,5.2,4000.0,52.6079666,1.5438858,-16.8,72.8,12.4,0.5,0.9
2024-11-26 16:14:05,6.941914063,1016.349332,76.81229133,707182,-162.4505787,-11.0,-99.0,-71.0,-2.0,2024-11-26 16:14:10,5.2,4000.0,52.607935,1.5438556,-25.9,68.8,12.4,0.5,0.9
2024-11-26 16:14:06,6.936835938,1016.346044,76.79760082,704264,-162.4231903,-11.0,-99.0,-71.0,-2.0,2024-11-26 16:14:11,5.2,4000.0,52.6079037,1.5438255,-25.9,68.8,12.4,0.5,0.9
2024-11-26 16:14:07,6.933125,1016.341617,76.78310805,704991,-162.386308,-11.0,-99.0,-71.0,-2.0,2024-11-26 16:14:11,5.2,4000.0,52.6079037,1.5438255,-25.9,68.8,12.4,0.5,0.9
2024-11-26 16:14:08,6.927070313,1016.34351,76.76130062,706450,-162.4020766,-14.0,-100.0,-69.0,-3.0,2024-11-26 16:14:12,5.2,4000.0,52.6078733,1.5437942,-25.9,68.8,12.4,0.5,0.9
2024-11-26 16:14:08,6.933710938,1016.347678,76.76225551,705720,-162.4368056,-14.0,-100.0,-69.0,-3.0,2024-11-26 16:14:13,5.2,4000.0,52.6078441,1.5437594,-34.4,63.4,12.3,0.5,0.9
2024-11-26 16:14:09,6.9315625,1016.36451,76.74101176,705720,-162.5770218,-14.0,-100.0,-69.0,-3.0,2024-11-26 16:14:14,5.2,4000.0,52.6078198,1.5437153,-34.4,63.4,12.3,0.5,0.9
2024-11-26 16:14:10,6.935664063,1016.367884,76.72764594,707182,-162.6051296,-14.0,-100.0,-69.0,-3.0,2024-11-26 16:14:15,5.1,3900.0,52.6077962,1.5436706,-41.1,55.9,12.4,0.5,0.9
2024-11-26 16:14:11,6.93625,1016.37904,76.7137755,708650,-162.698066,-14.0,-100.0,-69.0,-3.0,2024-11-26 16:14:16,5.1,3900.0,52.607773,1.5436248,-41.1,55.9,12.4,0.5,0.9
2024-11-26 16:14:12,6.938203125,1016.392453,76.70010242,709386,-162.809802,-14.0,-100.0,-69.0,-3.0,2024-11-26 16:14:16,5.1,3900.0,52.607773,1.5436248,-41.1,55.9,12.4,0.5,0.9
2024-11-26 16:14:13,6.949726563,1016.3877,76.70873581,713091,-162.7702095,-14.0,-100.0,-69.0,-3.0,2024-11-26 16:14:17,5.1,3900.0,52.6077498,1.5435793,-41.1,55.9,12.4,0.5,0.9
2024-11-26 16:14:14,6.961445313,1016.388364,76.67553785,707182,-162.775737,-14.0,-100.0,-69.0,-3.0,2024-11-26 16:14:18,5.0,3800.0,52.6077263,1.5435358,-47.5,48.3,12.6,0.5,0.9
2024-11-26 16:14:15,6.96046875,1016.378261,76.65447033,710864,-162.6915738,-14.0,-100.0,-69.0,-3.0,2024-11-26 16:14:19,5.0,3800.0,52.6077037,1.5434809,-47.5,48.3,12.6,0.5,0.9
2024-11-26 16:14:15,6.96515625,1016.380903,76.65514407,711605,-162.713589,-14.0,-100.0,-69.0,-3.0,2024-11-26 16:14:20,5.0,3800.0,52.6077037,1.5434809,-51.7,39.8,12.6,0.5,0.9
2024-11-26 16:14:16,6.9440625,1016.383445,76.61723916,708650,-162.7347632,-14.0,-100.0,-69.0,-3.0,2024-11-26 16:14:21,5.0,3800.0,52.6076826,1.54337,-51.7,39.8,12.6,0.5,0.9
2024-11-26 16:14:17,6.938203125,1016.378868,76.60244976,713091,-162.6966306,-14.0,-100.0,-69.0,-3.0,2024-11-26 16:14:22,5.0,3800.0,52.6076724,1.5433132,-51.7,39.8,12.6,0.5,0.9
2024-11-26 16:14:18,6.927070313,1016.384265,76.59387764,710124,-162.7415907,-9.0,-103.0,-77.0,-1.0,2024-11-26 16:14:22,5.0,3800.0,52.6076724,1.5433132,-51.7,39.8,12.6,0.5,0.9
2024-11-26 16:14:19,6.91828125,1016.390134,76.57169696,707915,-162.7904826,-9.0,-103.0,-77.0,-1.0,2024-11-26 16:14:23,5.1,3900.0,52.6076625,1.543256,-54.6,30.1,12.5,0.5,0.9
2024-11-26 16:14:20,6.910078125,1016.398668,76.57749231,708650,-162.8615732,-9.0,-103.0,-77.0,-1.0,2024-11-26 16:14:25,5.1,3900.0,52.6076574,1.5431963,-54.6,30.1,12.5,0.5,0.9
2024-11-26 16:14:21,6.904609375,1016.403225,76.57670747,713837,-162.899534,-9.0,-103.0,-77.0,-1.0,2024-11-26 16:14:26,5.1,3900.0,52.6076523,1.5431372,-54.6,30.1,12.5,0.5,0.9
2024-11-26 16:14:22,6.902851563,1016.412209,76.55553805,708650,-162.9743792,-9.0,-103.0,-77.0,-1.0,2024-11-26 16:14:27,5.0,3800.0,52.607647,1.5430789,-56.1,20.1,12.5,0.5,0.9
2024-11-26 16:14:23,6.901875,1016.422483,76.56934249,710124,-163.0599669,-9.0,-103.0,-77.0,-1.0,2024-11-26 16:14:28,5.0,3800.0,52.6076427,1.5430211,-56.1,20.1,12.5,0.5,0.9
2024-11-26 16:14:23,6.904609375,1016.440582,76.56276245,713837,-163.2107304,-9.0,-103.0,-77.0,-1.0,2024-11-26 16:14:28,5.0,3800.0,52.6076427,1.5430211,-56.1,20.1,12.5,0.5,0.9
2024-11-26 16:14:24,6.906367188,1016.458767,76.56301468,710124,-163.3622085,-9.0,-103.0,-77.0,-1.0,2024-11-26 16:14:29,5.0,3800.0,52.6076393,1.5429632,-57.4,10.2,12.6,0.5,0.9
2024-11-26 16:14:25,6.904414063,1016.469127,76.56273442,711605,-163.4485084,-9.0,-103.0,-77.0,-1.0,2024-11-26 16:14:30,5.0,3800.0,52.6076361,1.5429101,-57.4,10.2,12.6,0.5,0.9
2024-11-26 16:14:26,6.899726563,1016.480067,76.54114606,709386,-163.539638,-9.0,-103.0,-77.0,-1.0,2024-11-26 16:14:31,5.0,3800.0,52.6076346,1.5428605,-57.9,1.5,12.5,0.5,0.9
2024-11-26 16:14:27,6.895234375,1016.491329,76.54050168,711605,-163.6334506,-9.0,-103.0,-77.0,-1.0,2024-11-26 16:14:32,5.0,3800.0,52.6076462,1.5428102,-57.9,1.5,12.5,0.5,0.9
2024-11-26 16:14:28,6.912226563,1016.493911,76.55688325,714584,-163.6549571,-11.0,-109.0,-81.0,-4.0,2024-11-26 16:14:33,5.0,3800.0,52.6076597,1.5427541,-57.9,1.5,12.5,0.5,0.9
2024-11-26 16:14:29,6.896210938,1016.491243,76.53367029,713837,-163.6327359,-11.0,-109.0,-81.0,-4.0,2024-11-26 16:14:33,5.0,3800.0,52.6076597,1.5427541,-57.9,1.5,12.5,0.5,0.9
2024-11-26 16:14:30,6.89015625,1016.489738,76.52583069,713837,-163.6201933,-11.0,-109.0,-81.0,-4.0,2024-11-26 16:14:34,4.8,3600.0,52.6076718,1.5426986,-54.1,-7.8,12.8,0.5,0.9
2024-11-26 16:14:30,6.8753125,1016.468627,76.51673133,716083,-163.4443485,-11.0,-109.0,-81.0,-4.0,2024-11-26 16:14:35,4.8,3600.0,52.6076839,1.5426447,-54.1,-7.8,12.8,0.5,0.9
2024-11-26 16:14:31,6.861445313,1016.459317,76.52171416,712347,-163.366795,-11.0,-109.0,-81.0,-4.0,2024-11-26 16:14:36,4.8,3600.0,52.6076971,1.5425906,-50.5,-17.0,12.7,0.5,0.9
2024-11-26 16:14:32,6.85265625,1016.42613,76.51348374,716083,-163.0903402,-11.0,-109.0,-81.0,-4.0,2024-11-26 16:14:37,4.8,3600.0,52.6077102,1.5425349,-50.5,-17.0,12.7,0.5,0.9
2024-11-26 16:14:33,6.84640625,1016.405624,76.51258806,716835,-162.9195226,-11.0,-109.0,-81.0,-4.0,2024-11-26 16:14:38,4.8,3600.0,52.6077232,1.5424796,-50.5,-17.0,12.7,0.5,0.9
2024-11-26 16:14:34,6.8425,1016.385592,76.53294063,713837,-162.7526481,-11.0,-109.0,-81.0,-4.0,2024-11-26 16:14:39,5.1,3800.0,52.6077382,1.5424262,-46.7,-26.2,12.5,0.5,0.9
2024-11-26 16:14:35,6.839179688,1016.36483,76.51852307,713837,-162.5796862,-11.0,-109.0,-81.0,-4.0,2024-11-26 16:14:39,5.1,3800.0,52.6077382,1.5424262,-46.7,-26.2,12.5,0.5,0.9
2024-11-26 16:14:36,6.835273438,1016.356683,76.53887613,713091,-162.5118211,-11.0,-109.0,-81.0,-4.0,2024-11-26 16:14:40,5.1,3800.0,52.6077604,1.5423808,-46.7,-26.2,12.5,0.5,0.9
2024-11-26 16:14:37,6.83,1016.341186,76.54509173,713837,-162.3827201,-11.0,-109.0,-81.0,-4.0,2024-11-26 16:14:41,5.3,4100.0,52.6077843,1.5423364,-40.3,-33.8,12.2,0.5,0.9
2024-11-26 16:14:38,6.8221875,1016.357153,76.55094367,713837,-162.5157313,-11.0,-109.0,-81.0,-4.0,2024-11-26 16:14:42,5.3,4100.0,52.6078111,1.5422949,-40.3,-33.8,12.2,0.5,0.9
2024-11-26 16:14:38,6.82453125,1016.355928,76.56522315,714584,-162.5055315,-15.0,-113.0,-81.0,-7.0,2024-11-26 16:14:43,5.3,4100.0,52.607838,1.5422554,-40.3,-33.8,12.2,0.5,0.9
2024-11-26 16:14:39,6.81984375,1016.358377,76.55060782,716083,-162.5259307,-15.0,-113.0,-81.0,-7.0,2024-11-26 16:14:44,5.3,4100.0,52.6078626,1.5422154,-33.0,-40.7,12.2,0.5,0.9
2024-11-26 16:14:40,6.821796875,1016.366695,76.56483126,713837,-162.5952237,-15.0,-113.0,-81.0,-7.0,2024-11-26 16:14:44,5.3,4100.0,52.6078626,1.5422154,-33.0,-40.7,12.2,0.5,0.9
2024-11-26 16:14:41,6.81671875,1016.371894,76.57107558,713837,-162.638537,-15.0,-113.0,-81.0,-7.0,2024-11-26 16:14:45,5.3,4100.0,52.6078886,1.5421779,-33.0,-40.7,12.2,0.5,0.9
2024-11-26 16:14:42,6.813203125,1016.386464,76.56359973,713837,-162.7599121,-15.0,-113.0,-81.0,-7.0,2024-11-26 16:14:46,5.3,4100.0,52.6079204,1.542151,-24.9,-46.3,12.3,0.5,0.9
2024-11-26 16:14:43,6.809492188,1016.402409,76.5770122,714584,-162.8927413,-15.0,-113.0,-81.0,-7.0,2024-11-26 16:14:47,5.3,4100.0,52.6079524,1.5421224,-24.9,-46.3,12.3,0.5,0.9
2024-11-26 16:14:44,6.801679688,1016.41328,76.57589271,714584,-162.9833006,-15.0,-113.0,-81.0,-7.0,2024-11-26 16:14:48,5.3,4100.0,52.6079834,1.5420928,-24.9,-46.3,12.3,0.5,0.9
2024-11-26 16:14:45,6.796015625,1016.417511,76.57508117,713091,-163.0185457,-15.0,-113.0,-81.0,-7.0,2024-11-26 16:14:49,5.2,4000.0,52.6080144,1.5420624,-16.2,-51.2,12.3,0.5,0.9
2024-11-26 16:14:45,6.7909375,1016.434594,76.60224401,714584,-163.1608461,-15.0,-113.0,-81.0,-7.0,2024-11-26 16:14:50,5.2,4000.0,52.6080463,1.5420351,-16.2,-51.2,12.3,0.5,0.9
2024-11-26 16:14:46,6.779804688,1016.451865,76.60064886,715333,-163.3047217,-15.0,-113.0,-81.0,-7.0,2024-11-26 16:14:50,5.2,4000.0,52.6080463,1.5420351,-16.2,-51.2,12.3,0.5,0.9
2024-11-26 16:14:47,6.776289063,1016.457945,76.6071182,713837,-163.3553639,-15.0,-113.0,-81.0,-7.0,2024-11-26 16:14:51,5.1,3900.0,52.6080792,1.5420133,-7.0,-55.2,12.5,0.5,0.9
2024-11-26 16:14:48,6.773945313,1016.481239,76.59980943,713837,-163.5493989,-16.0,-114.0,-81.0,-10.0,2024-11-26 16:14:52,5.1,3900.0,52.6081123,1.541993,-7.0,-55.2,12.5,0.5,0.9
2024-11-26 16:14:49,6.77765625,1016.494157,76.61428731,712347,-163.6570049,-16.0,-114.0,-81.0,-10.0,2024-11-26 16:14:53,5.1,3900.0,52.6081469,1.5419752,-7.0,-55.2,12.5,0.5,0.9
2024-11-26 16:14:50,6.773164063,1016.512205,76.63456456,713837,-163.8073433,-16.0,-114.0,-81.0,-10.0,2024-11-26 16:14:54,5.0,3800.0,52.6081819,1.5419579,2.4,-58.3,12.5,0.5,0.9
2024-11-26 16:14:51,6.775117188,1016.525617,76.64879281,713837,-163.9190543,-16.0,-114.0,-81.0,-10.0,2024-11-26 16:14:55,5.0,3800.0,52.6082172,1.5419405,2.4,-58.3,12.5,0.5,0.9
2024-11-26 16:14:52,6.760273438,1016.52827,76.63969149,714584,-163.9411516,-16.0,-114.0,-81.0,-10.0,2024-11-26 16:14:55,5.0,3800.0,52.6082172,1.5419405,2.4,-58.3,12.5,0.5,0.9
2024-11-26 16:14:52,6.757734375,1016.522379,76.6532762,713837,-163.8920882,-16.0,-114.0,-81.0,-10.0,2024-11-26 16:14:56,4.9,3700.0,52.608253,1.5419362,12.4,-59.9,12.6,0.5,0.9
2024-11-26 16:14:53,6.755585938,1016.520529,76.65994291,715333,-163.8766793,-16.0,-114.0,-81.0,-10.0,2024-11-26 16:14:57,4.9,3700.0,52.608289,1.5419393,12.4,-59.9,12.6,0.5,0.9
2024-11-26 16:14:54,6.757148438,1016.518016,76.68109181,711605,-163.8557473,-16.0,-114.0,-81.0,-10.0,2024-11-26 16:14:58,4.9,3700.0,52.6083249,1.5419417,12.4,-59.9,12.6,0.5,0.9
2024-11-26 16:14:55,6.754023438,1016.519647,76.68064393,713837,-163.8693293,-16.0,-114.0,-81.0,-10.0,2024-11-26 16:14:59,4.9,3700.0,52.6083602,1.5419425,22.4,-59.5,12.7,0.5,0.9
2024-11-26 16:14:56,6.752070313,1016.528306,76.68036402,716083,-163.9414514,-16.0,-114.0,-81.0,-10.0,2024-11-26 16:15:00,4.9,3700.0,52.6083951,1.5419442,22.4,-59.5,12.7,0.5,0.9
2024-11-26 16:14:57,6.74796875,1016.533416,76.6867516,713091,-163.9840222,-16.0,-114.0,-81.0,-10.0,2024-11-26 16:15:01,5.0,3800.0,52.6084311,1.5419472,32.3,-59.1,12.5,0.5,0.9
2024-11-26 16:14:58,6.74953125,1016.537694,76.70790292,713837,-164.0196538,-16.0,-112.0,-79.0,-9.0,2024-11-26 16:15:01,5.0,3800.0,52.6084311,1.5419472,32.3,-59.1,12.5,0.5,0.9
2024-11-26 16:14:59,6.746796875,1016.53997,76.70751098,714584,-164.0386066,-16.0,-112.0,-79.0,-9.0,2024-11-26 16:15:02,5.0,3800.0,52.6084665,1.5419582,32.3,-59.1,12.5,0.5,0.9
2024-11-26 16:14:59,6.750507813,1016.55119,76.71501914,716083,-164.1320693,-16.0,-112.0,-79.0,-9.0,2024-11-26 16:15:03,5.0,3800.0,52.6085001,1.5419812,32.3,-59.1,12.5,0.5,0.9
2024-11-26 16:15:00,6.748945313,1016.552006,76.72874826,714584,-164.1388591,-16.0,-112.0,-79.0,-9.0,2024-11-26 16:15:04,5.0,3800.0,52.6085329,1.5420041,41.7,-55.5,12.5,0.5,0.9
2024-11-26 16:15:01,6.753046875,1016.555383,76.7293363,714584,-164.1669922,-16.0,-112.0,-79.0,-9.0,2024-11-26 16:15:05,5.0,3800.0,52.6085661,1.5420264,41.7,-55.5,12.5,0.5,0.9
2024-11-26 16:15:02,6.746210938,1016.54749,76.72137962,713091,-164.1012497,-19.0,-114.0,-79.0,-20.0,2024-11-26 16:15:06,4.9,3700.0,52.6085994,1.5420485,51.0,-51.7,12.6,0.5,0.9
2024-11-26 16:15:03,6.747382813,1016.551123,76.72852425,714584,-164.1315084,-19.0,-114.0,-79.0,-20.0,2024-11-26 16:15:06,4.9,3700.0,52.6085994,1.5420485,51.0,-51.7,12.6,0.5,0.9
2024-11-26 16:15:04,6.76125,1016.562138,76.75144411,713091,-164.2232575,-19.5,-140.0,-111.0,-16.0,2024-11-26 16:15:07,4.9,3700.0,52.6086325,1.5420701,51.0,-51.7,12.6,0.5,0.9
2024-11-26 16:15:05,6.760664063,1016.559473,76.73740547,713091,-164.2010579,-19.5,-140.0,-111.0,-16.0,2024-11-26 16:15:08,4.9,3700.0,52.6086656,1.5420916,51.0,-51.7,12.6,0.5,0.9
2024-11-26 16:15:05,6.758320313,1016.542021,76.75102394,715333,-164.0556963,-19.5,-140.0,-111.0,-16.0,2024-11-26 16:15:09,4.9,3700.0,52.6086972,1.5421212,60.0,-47.6,12.6,0.5,0.9
2024-11-26 16:15:06,6.75265625,1016.529273,76.74323433,719101,-163.9495105,-19.5,-140.0,-111.0,-16.0,2024-11-26 16:15:10,4.9,3700.0,52.6087286,1.5421528,60.0,-47.6,12.6,0.5,0.9
2024-11-26 16:15:07,6.732539063,1016.523216,76.74035016,717589,-163.8990609,-15.0,-111.0,-81.0,-6.0,2024-11-26 16:15:11,5.0,3700.0,52.6087586,1.5421831,68.3,-42.3,12.6,0.5,0.9
2024-11-26 16:15:08,6.730390625,1016.511181,76.7539967,712347,-163.7988083,-15.0,-111.0,-81.0,-6.0,2024-11-26 16:15:12,5.0,3700.0,52.6087842,1.5422112,68.3,-42.3,12.6,0.5,0.9
2024-11-26 16:15:09,6.730390625,1016.506088,76.76795208,712347,-163.7563869,-15.0,-111.0,-81.0,-6.0,2024-11-26 16:15:12,5.0,3700.0,52.6087842,1.5422112,68.3,-42.3,12.6,0.5,0.9
2024-11-26 16:15:10,6.73546875,1016.499195,76.78263652,710864,-163.6989682,-15.0,-111.0,-81.0,-6.0,2024-11-26 16:15:13,5.0,3700.0,52.6088064,1.5422634,68.3,-42.3,12.6,0.5,0.9
2024-11-26 16:15:11,6.735078125,1016.500247,76.79653769,713091,-163.7077361,-15.0,-111.0,-81.0,-6.0,2024-11-26 16:15:14,5.1,3900.0,52.6088241,1.5423166,73.8,-35.2,12.5,0.5,0.9
2024-11-26 16:15:12,6.739179688,1016.500229,76.81108409,712347,-163.7075875,-15.0,-111.0,-81.0,-6.0,2024-11-26 16:15:15,5.1,3900.0,52.6088312,1.5423377,73.8,-35.2,12.5,0.5,0.9
2024-11-26 16:15:13,6.7346875,1016.502997,76.79648167,710864,-163.7306446,-15.0,-111.0,-81.0,-6.0,2024-11-26 16:15:16,5.2,4000.0,52.6088581,1.5424207,78.6,-26.3,12.4,0.5,0.9
2024-11-26 16:15:13,6.7565625,1016.506863,76.82753728,712347,-163.7628422,-15.0,-111.0,-81.0,-6.0,2024-11-26 16:15:17,5.2,4000.0,52.6088751,1.5424714,78.6,-26.3,12.4,0.5,0.9
2024-11-26 16:15:14,6.751875,1016.511006,76.8198849,710864,-163.7973567,-15.0,-111.0,-81.0,-6.0,2024-11-26 16:15:17,5.2,4000.0,52.6088751,1.5424714,78.6,-26.3,12.4,0.5,0.9
2024-11-26 16:15:15,6.74953125,1016.513927,76.81256913,717589,-163.8216839,-15.0,-111.0,-81.0,-6.0,2024-11-26 16:15:18,5.2,4000.0,52.6088922,1.5425202,78.6,-26.3,12.4,0.5,0.9
2024-11-26 16:15:16,6.734101563,1016.515611,76.80337654,711605,-163.8357097,-15.0,-111.0,-81.0,-6.0,2024-11-26 16:15:19,5.2,4000.0,52.6089042,1.5425962,83.0,-17.7,12.3,0.5,0.9
2024-11-26 16:15:17,6.737226563,1016.520771,76.82476288,713091,-163.8786923,-12.0,-104.0,-75.0,2.0,2024-11-26 16:15:20,5.2,4000.0,52.6089067,1.5426313,83.0,-17.7,12.3,0.5,0.9
2024-11-26 16:15:18,6.7346875,1016.525066,76.82439863,712347,-163.9144711,-12.0,-104.0,-75.0,2.0,2024-11-26 16:15:21,5.1,3900.0,52.6089115,1.5426901,84.2,-7.9,12.5,0.5,0.9
2024-11-26 16:15:19,6.741132813,1016.530617,76.83230313,710124,-163.9607012,-12.0,-104.0,-75.0,2.0,2024-11-26 16:15:22,5.1,3900.0,52.608916,1.5427496,84.2,-7.9,12.5,0.5,0.9
2024-11-26 16:15:19,6.74171875,1016.529887,76.83936726,711605,-163.9546199,-12.0,-104.0,-79.0,2.0,2024-11-26 16:15:23,5.1,3900.0,52.6089207,1.5428092,84.2,-7.9,12.5,0.5,0.9
2024-11-26 16:15:20,6.746210938,1016.535607,76.82605189,714584,-164.0022664,-14.0,-110.0,-79.0,-8.0,2024-11-26 16:15:23,5.1,3900.0,52.6089207,1.5428092,84.2,-7.9,12.5,0.5,0.9
2024-11-26 16:15:21,6.738007813,1016.54413,76.83185477,713837,-164.0732627,-14.0,-110.0,-79.0,-8.0,2024-11-26 16:15:24,5.1,3800.0,52.6089246,1.5428684,85.4,2.3,12.5,0.5,0.9
2024-11-26 16:15:22,6.73546875,1016.54503,76.8245107,712347,-164.0807599,-14.0,-110.0,-79.0,-8.0,2024-11-26 16:15:25,5.1,3800.0,52.6089279,1.5429281,85.4,2.3,12.5,0.5,0.9
2024-11-26 16:15:23,6.73703125,1016.551006,76.85265537,713091,-164.1305316,-14.0,-110.0,-79.0,-8.0,2024-11-26 16:15:26,4.9,3700.0,52.6089268,1.5429878,85.6,12.3,12.6,0.5,0.9
2024-11-26 16:15:24,6.739765625,1016.560614,76.86002844,714584,-164.2105619,-14.0,-110.0,-79.0,-8.0,2024-11-26 16:15:27,4.9,3700.0,52.6089218,1.5430458,85.6,12.3,12.6,0.5,0.9
2024-11-26 16:15:25,6.74015625,1016.56805,76.8531038,713091,-164.272495,-14.0,-110.0,-79.0,-8.0,2024-11-26 16:15:28,4.9,3700.0,52.6089163,1.5431023,85.6,12.3,12.6,0.5,0.9
2024-11-26 16:15:26,6.746992188,1016.572547,76.8610656,717589,-164.309959,-14.0,-110.0,-79.0,-8.0,2024-11-26 16:15:28,4.9,3700.0,52.6089163,1.5431023,85.6,12.3,12.6,0.5,0.9
2024-11-26 16:15:27,6.74484375,1016.574093,76.86075724,711605,-164.3228289,-19.5,-102.0,-65.0,-20.0,2024-11-26 16:15:29,4.9,3700.0,52.6089102,1.5431591,84.1,22.1,12.6,0.5,0.9
2024-11-26 16:15:27,6.76125,1016.577417,76.87009333,713837,-164.350522,-14.0,-102.0,-77.0,-10.0,2024-11-26 16:15:30,4.9,3700.0,52.608905,1.5432172,84.1,22.1,12.6,0.5,0.9
2024-11-26 16:15:28,6.760273438,1016.587689,76.86995313,713837,-164.4360725,-14.0,-102.0,-77.0,-10.0,2024-11-26 16:15:31,4.9,3700.0,52.6089014,1.5432768,82.7,31.9,12.6,0.5,0.9
2024-11-26 16:15:29,6.756757813,1016.580185,76.86246735,713837,-164.3735775,-17.0,-112.0,-79.0,-12.0,2024-11-26 16:15:32,4.9,3700.0,52.6088969,1.543337,82.7,31.9,12.6,0.5,0.9
2024-11-26 16:15:30,6.755976563,1016.573802,76.86933625,716083,-164.3204111,-17.0,-112.0,-79.0,-12.0,2024-11-26 16:15:33,4.9,3700.0,52.6088916,1.5433965,82.7,31.9,12.6,0.5,0.9
2024-11-26 16:15:31,6.754023438,1016.570577,76.85509402,714584,-164.2935473,-17.0,-112.0,-79.0,-12.0,2024-11-26 16:15:34,4.8,3600.0,52.6088796,1.5434524,80.7,41.8,12.7,0.5,0.9
2024-11-26 16:15:32,6.7596875,1016.545977,76.87685031,713091,-164.0886415,-17.0,-112.0,-79.0,-12.0,2024-11-26 16:15:34,4.8,3600.0,52.6088796,1.5434524,80.7,41.8,12.7,0.5,0.9
2024-11-26 16:15:33,6.764375,1016.533345,76.86356087,713837,-163.9834237,-17.0,-112.0,-79.0,-12.0,2024-11-26 16:15:35,4.8,3600.0,52.6088637,1.5435046,80.7,41.8,12.7,0.5,0.9
2024-11-26 16:15:34,6.754023438,1016.521345,76.84113303,715333,-163.8834702,-17.0,-112.0,-79.0,-12.0,2024-11-26 16:15:36,4.8,3600.0,52.6088473,1.5435561,76.2,50.7,12.7,0.5,0.9
2024-11-26 16:15:35,6.756171875,1016.513009,76.84144138,716083,-163.8140336,-10.0,-98.0,-71.0,2.0,2024-11-26 16:15:37,4.8,3600.0,52.6088306,1.5436082,76.2,50.7,12.7,0.5,0.9
2024-11-26 16:15:35,6.759101563,1016.505962,76.85582294,716083,-163.7553412,-10.0,-98.0,-77.0,2.0,2024-11-26 16:15:38,4.8,3600.0,52.6088139,1.5436605,76.2,50.7,12.7,0.5,0.9
2024-11-26 16:15:36,6.7628125,1016.505299,76.85635566,713837,-163.7498167,-19.5,-140.0,-111.0,-20.0,2024-11-26 16:15:39,4.9,3700.0,52.6087973,1.5437126,71.6,59.6,12.6,0.5,0.9
2024-11-26 16:15:37,6.763398438,1016.497778,76.84247862,713837,-163.6871693,-16.0,-108.0,-79.0,-10.0,2024-11-26 16:15:39,4.9,3700.0,52.6087973,1.5437126,71.6,59.6,12.6,0.5,0.9
2024-11-26 16:15:38,6.77453125,1016.490695,76.87200033,721380,-163.6281662,-16.0,-108.0,-79.0,-10.0,2024-11-26 16:15:40,4.9,3700.0,52.6087732,1.5437564,71.6,59.6,12.6,0.5,0.8
2024-11-26 16:15:39,6.782929688,1016.477398,76.86622515,713837,-163.5174066,-16.0,-108.0,-79.0,-10.0,2024-11-26 16:15:41,5.0,3800.0,52.6087466,1.5437964,64.7,66.8,12.5,0.5,0.8
2024-11-26 16:15:40,6.791914063,1016.468463,76.86053436,715333,-163.4429837,-16.0,-108.0,-79.0,-10.0,2024-11-26 16:15:42,5.0,3800.0,52.6087212,1.5438371,64.7,66.8,12.5,0.5,0.8
2024-11-26 16:15:41,6.796796875,1016.469734,76.84727394,714584,-163.4535697,-16.0,-108.0,-79.0,-10.0,2024-11-26 16:15:43,5.0,3800.0,52.6086956,1.5438784,64.7,66.8,12.5,0.5,0.8
2024-11-26 16:15:42,6.801875,1016.471328,76.82706216,714584,-163.4668412,-16.0,-108.0,-79.0,-10.0,2024-11-26 16:15:44,5.0,3800.0,52.6086699,1.5439197,57.5,73.7,12.5,0.5,0.8
2024-11-26 16:15:42,6.805390625,1016.477132,76.82756703,719101,-163.5151926,-16.0,-108.0,-79.0,-10.0,2024-11-26 16:15:45,5.0,3800.0,52.608644,1.5439612,57.5,73.7,12.5,0.5,0.8
2024-11-26 16:15:43,6.823945313,1016.478904,76.8302321,713837,-163.5299522,-16.0,-108.0,-79.0,-10.0,2024-11-26 16:15:45,5.0,3800.0,52.608644,1.5439612,57.5,73.7,12.5,0.5,0.8
2024-11-26 16:15:44,6.829414063,1016.491329,76.8170576,717589,-163.6334495,-16.0,-108.0,-79.0,-10.0,2024-11-26 16:15:46,5.1,3900.0,52.6086151,1.5439966,49.7,79.9,12.4,0.5,0.8
2024-11-26 16:15:45,6.837226563,1016.509322,76.81120011,718344,-163.7833227,-10.0,-100.0,-73.0,2.0,2024-11-26 16:15:47,5.1,3900.0,52.6085831,1.544025,49.7,79.9,12.4,0.5,0.8
2024-11-26 16:15:46,6.841914063,1016.503478,76.79093526,716083,-163.7346457,-10.0,-100.0,-73.0,2.0,2024-11-26 16:15:48,5.1,3900.0,52.6085518,1.5440531,49.7,79.9,12.4,0.5,0.8
2024-11-26 16:15:47,6.851484375,1016.510789,76.79928938,719101,-163.7955483,-10.0,-100.0,-73.0,2.0,2024-11-26 16:15:49,5.1,3900.0,52.60852,1.5440805,40.9,84.6,12.5,0.5,0.8
2024-11-26 16:15:48,6.858125,1016.514962,76.7723274,716835,-163.8303015,-10.0,-100.0,-73.0,2.0,2024-11-26 16:15:50,5.1,3900.0,52.6084874,1.5441091,40.9,84.6,12.5,0.5,0.8
2024-11-26 16:15:48,6.864960938,1016.514362,76.76633093,717589,-163.8253097,-10.0,-100.0,-73.0,2.0,2024-11-26 16:15:50,5.1,3900.0,52.6084874,1.5441091,40.9,84.6,12.5,0.5,0.8
2024-11-26 16:15:49,6.8628125,1016.505721,76.75206588,716835,-163.7533331,-10.0,-100.0,-73.0,2.0,2024-11-26 16:15:51,4.9,3700.0,52.6084554,1.5441359,31.9,89.3,12.6,0.5,0.8
2024-11-26 16:15:50,6.869453125,1016.498007,76.73906412,716835,-163.6890786,-15.0,-108.0,-75.0,-9.0,2024-11-26 16:15:52,4.9,3700.0,52.6084242,1.5441626,31.9,89.3,12.6,0.5,0.8
2024-11-26 16:15:51,6.8753125,1016.489003,76.73990579,722143,-163.6140768,-15.0,-108.0,-75.0,-9.0,2024-11-26 16:15:53,4.9,3700.0,52.6083929,1.5441912,31.9,89.3,12.6,0.5,0.8
2024-11-26 16:15:52,6.889960938,1016.480925,76.72107789,717589,-163.546786,-15.0,-108.0,-75.0,-9.0,2024-11-26 16:15:54,4.9,3700.0,52.6083601,1.5442153,23.0,93.8,12.6,0.5,0.8
2024-11-26 16:15:53,6.887617188,1016.477056,76.69283443,719859,-163.5145546,-9.0,-94.0,-67.0,3.0,2024-11-26 16:15:55,4.9,3700.0,52.6083255,1.5442278,23.0,93.8,12.6,0.5,0.8
2024-11-26 16:15:54,6.892109375,1016.475982,76.67952745,719859,-163.5056094,-9.0,-94.0,-67.0,3.0,2024-11-26 16:15:56,4.9,3700.0,52.6082905,1.5442398,13.3,95.9,12.6,0.5,0.8
2024-11-26 16:15:55,6.8971875,1016.470781,76.66630536,718344,-163.4622874,-9.0,-94.0,-67.0,3.0,2024-11-26 16:15:56,4.9,3700.0,52.6082905,1.5442398,13.3,95.9,12.6,0.5,0.8
2024-11-26 16:15:56,6.897773438,1016.464956,76.65941413,720619,-163.4137666,-9.0,-94.0,-67.0,3.0,2024-11-26 16:15:57,4.9,3700.0,52.6082545,1.5442511,13.3,95.9,12.6,0.5,0.8
2024-11-26 16:15:56,6.8971875,1016.480969,76.63840518,717589,-163.5471546,-9.0,-94.0,-67.0,3.0,2024-11-26 16:15:58,4.9,3700.0,52.6082188,1.5442621,13.3,95.9,12.6,0.5,0.8
2024-11-26 16:15:57,6.92921875,1016.47102,76.64300507,722908,-163.4642765,-9.0,-94.0,-67.0,3.0,2024-11-26 16:15:59,5.0,3800.0,52.6081765,1.5442707,3.3,97.7,12.6,0.5,0.8
2024-11-26 16:15:58,6.931171875,1016.47764,76.60144006,722143,-163.5194254,-9.0,-94.0,-67.0,3.0,2024-11-26 16:16:00,5.0,3800.0,52.6081478,1.5442681,3.3,97.7,12.6,0.5,0.8
2024-11-26 16:15:59,6.932148438,1016.482649,76.5806604,721380,-163.561145,-9.0,-94.0,-67.0,3.0,2024-11-26 16:16:01,5.0,3800.0,52.6081115,1.544265,-6.7,97.3,12.5,0.5,0.8
2024-11-26 16:16:00,6.927070313,1016.487851,76.55901355,721380,-163.6044747,-9.0,-94.0,-67.0,3.0,2024-11-26 16:16:01,5.0,3800.0,52.6081115,1.544265,-6.7,97.3,12.5,0.5,0.8
2024-11-26 16:16:01,6.93,1016.482498,76.54548989,719859,-163.5598914,-9.0,-94.0,-67.0,3.0,2024-11-26 16:16:02,5.0,3800.0,52.6080669,1.5442609,-6.7,97.3,12.5,0.5,0.8
2024-11-26 16:16:02,6.920429688,1016.487076,76.50926022,720619,-163.5980259,-9.0,-94.0,-67.0,3.0,2024-11-26 16:16:03,5.0,3800.0,52.6080302,1.544259,-6.7,97.3,12.5,0.5,0.8
2024-11-26 16:16:02,6.922578125,1016.487227,76.50259782,726756,-163.5992804,-11.0,-102.0,-73.0,-4.0,2024-11-26 16:16:04,5.0,3800.0,52.6079955,1.5442531,-16.9,96.8,12.5,0.5,0.8
2024-11-26 16:16:03,6.928632813,1016.49043,76.49649596,724442,-163.6259614,-18.0,-111.0,-75.0,-15.0,2024-11-26 16:16:05,5.0,3800.0,52.6079622,1.5442322,-16.9,96.8,12.5,0.5,0.8
2024-11-26 16:16:04,6.93,1016.494385,76.475782,722143,-163.6589073,-18.0,-111.0,-75.0,-15.0,2024-11-26 16:16:06,4.9,3700.0,52.6079284,1.5442119,-26.2,93.4,12.6,0.5,0.8
2024-11-26 16:16:05,6.934296875,1016.489592,76.44852109,725983,-163.6189795,-13.0,-104.0,-77.0,-4.0,2024-11-26 16:16:07,4.9,3700.0,52.6078952,1.5441913,-26.2,93.4,12.6,0.5,0.8
2024-11-26 16:16:06,6.933125,1016.484261,76.44835304,722143,-163.5745741,-13.0,-104.0,-77.0,-4.0,2024-11-26 16:16:07,4.9,3700.0,52.6078952,1.5441913,-26.2,93.4,12.6,0.5,0.8
2024-11-26 16:16:07,6.935273438,1016.487808,76.42078732,723674,-163.6041181,-13.0,-104.0,-77.0,-4.0,2024-11-26 16:16:08,4.9,3700.0,52.6078621,1.5441685,-26.2,93.4,12.6,0.5,0.8
2024-11-26 16:16:08,6.935859375,1016.488775,76.39996822,723674,-163.6121755,-13.0,-104.0,-77.0,-4.0,2024-11-26 16:16:09,4.8,3600.0,52.607829,1.5441467,-35.5,89.6,12.7,0.5,0.8
2024-11-26 16:16:09,6.933710938,1016.486926,76.37875915,722908,-163.5967768,-13.0,-104.0,-77.0,-4.0,2024-11-26 16:16:10,4.8,3600.0,52.6077967,1.5441233,-35.5,89.6,12.7,0.5,0.8
2024-11-26 16:16:09,6.942890625,1016.473212,76.38704176,729085,-163.4825375,-13.0,-104.0,-77.0,-4.0,2024-11-26 16:16:11,4.9,3700.0,52.6077649,1.5440965,-44.5,85.5,12.7,0.5,0.8
2024-11-26 16:16:10,6.941328125,1016.467236,76.35895154,723674,-163.43276,-13.0,-104.0,-77.0,-4.0,2024-11-26 16:16:12,4.9,3700.0,52.6077325,1.5440704,-44.5,85.5,12.7,0.5,0.8
2024-11-26 16:16:11,6.9409375,1016.459799,76.35192955,722908,-163.3708058,-13.0,-104.0,-77.0,-4.0,2024-11-26 16:16:12,4.9,3700.0,52.6077325,1.5440704,-44.5,85.5,12.7,0.5,0.8
2024-11-26 16:16:12,6.932539063,1016.46801,76.32286454,731428,-163.4392086,-13.0,-104.0,-77.0,-4.0,2024-11-26 16:16:13,4.9,3700.0,52.6076996,1.5440466,-44.5,85.5,12.7,0.5,0.8
2024-11-26 16:16:13,6.932539063,1016.469708,76.30893503,727531,-163.453354,-13.0,-104.0,-77.0,-4.0,2024-11-26 16:16:14,4.9,3700.0,52.6076678,1.544024,-53.6,81.3,12.6,0.5,0.8
2024-11-26 16:16:14,6.931171875,1016.465753,76.29481061,724442,-163.4204079,-13.0,-104.0,-77.0,-4.0,2024-11-26 16:16:15,4.9,3700.0,52.6076421,1.5440057,-53.6,81.3,12.6,0.5,0.8
2024-11-26 16:16:15,6.950703125,1016.47592,76.29760804,727531,-163.5050945,-13.0,-104.0,-77.0,-4.0,2024-11-26 16:16:16,4.9,3700.0,52.6076238,1.5439743,-53.6,81.3,12.6,0.5,0.8
2024-11-26 16:16:15,6.943867188,1016.485013,76.28270086,726756,-163.5808396,-10.0,-106.0,-79.0,-2.0,2024-11-26 16:16:17,4.9,3700.0,52.6076063,1.5439257,-59.6,76.6,12.6,0.5,0.8
2024-11-26 16:16:16,6.940546875,1016.484626,76.25437212,725212,-163.5776175,-10.0,-106.0,-79.0,-2.0,2024-11-26 16:16:18,4.9,3700.0,52.607588,1.5438749,-59.6,76.6,12.6,0.5,0.8
2024-11-26 16:16:17,6.930195313,1016.489613,76.23896503,732213,-163.6191579,-10.0,-106.0,-79.0,-2.0,2024-11-26 16:16:18,4.9,3700.0,52.607588,1.5438749,-59.6,76.6,12.6,0.5,0.8
2024-11-26 16:16:18,6.918671875,1016.489269,76.22339174,729864,-163.6162879,-10.0,-106.0,-79.0,-2.0,2024-11-26 16:16:19,5.0,3800.0,52.6075707,1.543823,-64.7,68.0,12.6,0.5,0.8
2024-11-26 16:16:19,6.914765625,1016.486216,76.22283282,727531,-163.5908602,-10.0,-106.0,-79.0,-2.0,2024-11-26 16:16:20,5.0,3800.0,52.6075537,1.5437712,-64.7,68.0,12.6,0.5,0.8
2024-11-26 16:16:20,6.911640625,1016.487849,76.20846263,727531,-163.6044653,-10.0,-106.0,-79.0,-2.0,2024-11-26 16:16:21,5.0,3800.0,52.607547,1.5437503,-64.7,68.0,12.6,0.5,0.8
2024-11-26 16:16:21,6.9003125,1016.481034,76.19292023,728307,-163.5476957,-10.0,-106.0,-79.0,-2.0,2024-11-26 16:16:22,5.0,3800.0,52.6075247,1.5436619,-64.7,68.0,12.6,0.5,0.8
2024-11-26 16:16:22,6.897382813,1016.469405,76.19250126,729864,-163.4508287,-10.0,-106.0,-79.0,-2.0,2024-11-26 16:16:23,5.0,3800.0,52.6075111,1.5436058,-64.7,68.0,12.6,0.5,0.8
2024-11-26 16:16:23,6.885859375,1016.455475,76.18389297,728307,-163.3347926,-10.0,-106.0,-79.0,-2.0,2024-11-26 16:16:23,5.0,3800.0,52.6075111,1.5436058,-64.7,68.0,12.6,0.5,0.8
2024-11-26 16:16:23,6.886054688,1016.443912,76.17696055,727531,-163.2384665,-10.0,-106.0,-79.0,-2.0,2024-11-26 16:16:24,4.8,3600.0,52.6074978,1.5435508,-72.8,49.7,12.7,0.5,0.8
2024-11-26 16:16:24,6.876289063,1016.412508,76.17556457,726756,-162.9768672,-10.0,-106.0,-79.0,-2.0,2024-11-26 16:16:25,4.8,3600.0,52.6074926,1.5435292,-72.8,49.7,12.7,0.5,0.8
2024-11-26 16:16:25,6.879804688,1016.387748,76.18302738,729864,-162.7706052,-10.0,-101.0,-75.0,1.0,2024-11-26 16:16:26,4.9,3700.0,52.6074736,1.5434435,-76.3,40.5,12.7,0.5,0.8
2024-11-26 16:16:26,6.886054688,1016.367501,76.19088144,728307,-162.6019392,-10.0,-101.0,-75.0,1.0,2024-11-26 16:16:27,4.9,3700.0,52.6074673,1.5434107,-76.3,40.5,12.7,0.5,0.8
2024-11-26 16:16:27,6.890742188,1016.351466,76.18459108,726756,-162.4683619,-10.0,-101.0,-75.0,1.0,2024-11-26 16:16:28,4.9,3700.0,52.6074673,1.5434107,-76.3,40.5,12.7,0.5,0.8
2024-11-26 16:16:28,6.892109375,1016.348629,76.17782618,730645,-162.4447257,-10.0,-101.0,-75.0,1.0,2024-11-26 16:16:29,4.9,3700.0,52.6074554,1.5432736,-77.8,30.8,12.6,0.5,0.8
2024-11-26 16:16:28,6.918671875,1016.348326,76.18858537,731428,-162.4421999,-10.0,-101.0,-75.0,1.0,2024-11-26 16:16:29,4.9,3700.0,52.6074554,1.5432736,-77.8,30.8,12.6,0.5,0.8
2024-11-26 16:16:29,6.910078125,1016.363008,76.17343529,730645,-162.5645102,-10.0,-101.0,-75.0,1.0,2024-11-26 16:16:30,4.9,3700.0,52.6074512,1.5432148,-77.8,30.8,12.6,0.5,0.8
2024-11-26 16:16:30,6.902460938,1016.386093,76.17234604,732213,-162.7568251,-10.0,-101.0,-75.0,1.0,2024-11-26 16:16:31,5.1,3900.0,52.6074476,1.5431562,-78.9,20.9,12.4,0.5,0.8
2024-11-26 16:16:31,6.89171875,1016.41251,76.14297164,730645,-162.9768812,-10.0,-101.0,-75.0,1.0,2024-11-26 16:16:32,5.1,3900.0,52.6074448,1.5430963,-78.9,20.9,12.4,0.5,0.8
2024-11-26 16:16:32,6.878242188,1016.43441,76.13408669,729085,-163.159318,-10.0,-101.0,-75.0,1.0,2024-11-26 16:16:33,5.1,3900.0,52.6074443,1.5430361,-78.9,20.9,12.4,0.5,0.8
2024-11-26 16:16:33,6.87453125,1016.453754,76.16139349,729864,-163.320451,-10.0,-101.0,-75.0,1.0,2024-11-26 16:16:34,5.3,4100.0,52.6074436,1.5429762,-79.2,10.8,12.2,0.5,0.8
2024-11-26 16:16:34,6.8784375,1016.470391,76.15499216,729864,-163.4590358,-10.0,-101.0,-75.0,1.0,2024-11-26 16:16:34,5.3,4100.0,52.6074436,1.5429762,-79.2,10.8,12.2,0.5,0.8
2024-11-26 16:16:35,6.874140625,1016.466693,76.15437808,731428,-163.4282327,-17.0,-115.0,-81.0,-11.0,2024-11-26 16:16:35,5.3,4100.0,52.6074423,1.5429167,-79.2,10.8,12.2,0.5,0.8
2024-11-26 16:16:35,6.874726563,1016.472754,76.14750245,729864,-163.4787229,-9.0,-106.0,-81.0,-1.0,2024-11-26 16:16:36,5.2,4000.0,52.607442,1.5428581,-79.4,0.8,12.3,0.5,0.8
2024-11-26 16:16:36,6.859882813,1016.465227,76.14538155,730645,-163.4160263,-9.0,-106.0,-81.0,-1.0,2024-11-26 16:16:37,5.2,4000.0,52.6074432,1.5428,-79.4,0.8,12.3,0.5,0.8
2024-11-26 16:16:37,6.85578125,1016.441476,76.15871422,732999,-163.2181808,-9.0,-106.0,-81.0,-1.0,2024-11-26 16:16:38,5.2,4000.0,52.6074456,1.5427414,-79.4,0.8,12.3,0.5,0.8
2024-11-26 16:16:38,6.846601563,1016.412738,76.13652542,733787,-162.9787851,-9.0,-106.0,-81.0,-1.0,2024-11-26 16:16:39,4.9,3700.0,52.6074463,1.5426817,-79.0,-9.3,12.6,0.5,0.8
2024-11-26 16:16:39,6.845429688,1016.40571,76.15027606,731428,-162.9202366,-9.0,-106.0,-81.0,-1.0,2024-11-26 16:16:40,4.9,3700.0,52.6074526,1.5426241,-79.0,-9.3,12.6,0.5,0.8
2024-11-26 16:16:40,6.842304688,1016.390363,76.14982969,731428,-162.7923949,-9.0,-106.0,-81.0,-1.0,2024-11-26 16:16:40,4.9,3700.0,52.6074526,1.5426241,-79.0,-9.3,12.6,0.5,0.8
2024-11-26 16:16:41,6.8346875,1016.36081,76.15570101,731428,-162.5461962,-9.0,-106.0,-81.0,-1.0,2024-11-26 16:16:41,4.9,3700.0,52.6074602,1.5425673,-79.0,-9.3,12.6,0.5,0.8
2024-11-26 16:16:42,6.820429688,1016.355949,76.14670577,728307,-162.5057007,-9.0,-106.0,-81.0,-1.0,2024-11-26 16:16:42,4.9,3700.0,52.6074703,1.5425109,-76.9,-18.9,12.6,0.5,0.8
2024-11-26 16:16:42,6.809882813,1016.357213,76.15215901,730645,-162.5162356,-9.0,-106.0,-81.0,-1.0,2024-11-26 16:16:43,4.9,3700.0,52.6074826,1.5424556,-76.9,-18.9,12.6,0.5,0.8
2024-11-26 16:16:43,6.796015625,1016.368276,76.16409788,731428,-162.6083934,-9.0,-106.0,-81.0,-1.0,2024-11-26 16:16:44,5.0,3800.0,52.6074897,1.5424224,-73.7,-28.4,12.5,0.5,0.8
2024-11-26 16:16:44,6.79875,1016.377883,76.1714478,729864,-162.6884298,-9.0,-106.0,-81.0,-1.0,2024-11-26 16:16:45,5.0,3800.0,52.6075047,1.5423437,-73.7,-28.4,12.5,0.5,0.8
2024-11-26 16:16:45,6.793671875,1016.381384,76.17768257,735368,-162.7175929,-7.0,-93.0,-69.0,4.0,2024-11-26 16:16:45,5.0,3800.0,52.6075047,1.5423437,-73.7,-28.4,12.5,0.5,0.8
2024-11-26 16:16:46,6.784296875,1016.389675,76.17634425,732213,-162.7866595,-7.0,-93.0,-69.0,4.0,2024-11-26 16:16:46,5.0,3800.0,52.6075202,1.5422922,-73.7,-28.4,12.5,0.5,0.8
2024-11-26 16:16:47,6.773554688,1016.404196,76.19569099,729085,-162.9076298,-11.0,-110.0,-81.0,-7.0,2024-11-26 16:16:47,5.3,4100.0,52.6075313,1.5422625,-69.8,-37.4,12.3,0.5,0.8
2024-11-26 16:16:48,6.773164063,1016.413738,76.20259565,729085,-162.9871123,-11.0,-110.0,-81.0,-7.0,2024-11-26 16:16:48,5.3,4100.0,52.6075618,1.5421799,-69.8,-37.4,12.3,0.5,0.8
2024-11-26 16:16:49,6.765351563,1016.424607,76.20844104,729864,-163.0776541,-11.0,-110.0,-81.0,-7.0,2024-11-26 16:16:49,5.4,4200.0,52.6075818,1.5421288,-64.5,-46.1,12.2,0.5,0.8
2024-11-26 16:16:50,6.753046875,1016.433151,76.21364547,726756,-163.1488311,-11.0,-110.0,-81.0,-7.0,2024-11-26 16:16:50,5.4,4200.0,52.6075901,1.5421091,-64.5,-46.1,12.2,0.5,0.8
2024-11-26 16:16:51,6.750898438,1016.451673,76.22726081,729085,-163.3031232,-11.0,-110.0,-81.0,-7.0,2024-11-26 16:16:51,5.4,4200.0,52.6076298,1.542041,-64.5,-46.1,12.2,0.5,0.8
2024-11-26 16:16:51,6.758125,1016.472094,76.23525374,729864,-163.4732248,-11.0,-110.0,-81.0,-7.0,2024-11-26 16:16:51,5.4,4200.0,52.6076298,1.542041,-64.5,-46.1,12.2,0.5,0.8
2024-11-26 16:16:52,6.74953125,1016.486764,76.24098848,729085,-163.5954282,-11.0,-110.0,-81.0,-7.0,2024-11-26 16:16:52,5.2,4000.0,52.6076541,1.5419978,-57.9,-53.6,12.3,0.5,0.8
2024-11-26 16:16:53,6.751875,1016.514402,76.25524677,732213,-163.8256385,-11.0,-110.0,-81.0,-7.0,2024-11-26 16:16:53,5.2,4000.0,52.6076785,1.5419544,-57.9,-53.6,12.3,0.5,0.8
2024-11-26 16:16:54,6.74171875,1016.54177,76.26772124,729864,-164.0536029,-11.0,-110.0,-81.0,-7.0,2024-11-26 16:16:54,5.1,3900.0,52.6077019,1.5419106,-51.0,-60.9,12.4,0.5,0.8
2024-11-26 16:16:55,6.73546875,1016.555216,76.28075415,729864,-164.1656007,-11.0,-110.0,-81.0,-7.0,2024-11-26 16:16:55,5.1,3900.0,52.6077113,1.5418936,-51.0,-60.9,12.4,0.5,0.8
2024-11-26 16:16:56,6.724726563,1016.568034,76.2792206,729085,-164.2723641,-11.0,-110.0,-81.0,-7.0,2024-11-26 16:16:56,5.1,3900.0,52.6077592,1.5418445,-51.0,-60.9,12.4,0.5,0.8
2024-11-26 16:16:57,6.714570313,1016.561448,76.29169661,732213,-164.217505,-11.0,-110.0,-81.0,-7.0,2024-11-26 16:16:56,5.1,3900.0,52.6077592,1.5418445,-51.0,-60.9,12.4,0.5,0.8
2024-11-26 16:16:57,6.70421875,1016.566421,76.30414549,729864,-164.2589323,-18.0,-114.0,-83.0,-14.0,2024-11-26 16:16:57,5.1,3900.0,52.6077922,1.5418181,-43.1,-66.7,12.5,0.5,0.8
2024-11-26 16:16:58,6.691328125,1016.573991,76.30230575,729864,-164.3219847,-18.0,-114.0,-83.0,-14.0,2024-11-26 16:16:58,5.1,3900.0,52.6078053,1.5418078,-43.1,-66.7,12.5,0.5,0.8
2024-11-26 16:16:59,6.668867188,1016.574242,76.32695509,728307,-164.3240761,-18.0,-114.0,-83.0,-14.0,2024-11-26 16:16:59,4.9,3700.0,52.6078564,1.5417646,-34.1,-71.1,12.6,0.5,0.8
2024-11-26 16:17:00,6.687421875,1016.56754,76.32960301,730645,-164.2682533,-18.0,-114.0,-83.0,-14.0,2024-11-26 16:17:00,4.9,3700.0,52.6078875,1.5417358,-34.1,-71.1,12.6,0.5,0.8
2024-11-26 16:17:01,6.675117188,1016.559102,76.36266962,731428,-164.1979698,-18.0,-114.0,-83.0,-14.0,2024-11-26 16:17:01,4.9,3700.0,52.6079203,1.5417153,-34.1,-71.1,12.6,0.5,0.8
2024-11-26 16:17:02,6.673359375,1016.549409,76.37634926,729085,-164.1172355,-18.0,-114.0,-83.0,-14.0,2024-11-26 16:17:02,4.8,3600.0,52.6079338,1.5417085,-25.0,-75.2,12.8,0.5,0.8
2024-11-26 16:17:03,6.667695313,1016.536661,76.38947203,727531,-164.0110463,-19.0,-114.0,-79.0,-20.0,2024-11-26 16:17:02,4.8,3600.0,52.6079338,1.5417085,-25.0,-75.2,12.8,0.5,0.8
2024-11-26 16:17:04,6.658125,1016.531041,76.39507174,729864,-163.9642338,-19.0,-111.0,-75.0,-15.0,2024-11-26 16:17:03,4.8,3600.0,52.6079899,1.5416837,-25.0,-75.2,12.8,0.5,0.8
2024-11-26 16:17:04,6.6471875,1016.52486,76.42834283,727531,-163.9127509,-19.5,-114.0,-79.0,-20.0,2024-11-26 16:17:04,4.8,3600.0,52.6080256,1.5416713,-15.3,-77.7,12.8,0.5,0.8
2024-11-26 16:17:05,6.63703125,1016.525061,76.44779465,728307,-163.9144267,-18.0,-114.0,-79.0,-14.0,2024-11-26 16:17:05,4.8,3600.0,52.6080399,1.5416661,-15.3,-77.7,12.8,0.5,0.8
2024-11-26 16:17:06,6.63234375,1016.510531,76.45409306,728307,-163.793393,-18.0,-114.0,-79.0,-14.0,2024-11-26 16:17:06,4.8,3600.0,52.608095,1.5416418,-15.3,-77.7,12.8,0.5,0.8
2024-11-26 16:17:07,6.625703125,1016.499564,76.48798612,728307,-163.7020449,-18.0,-114.0,-79.0,-14.0,2024-11-26 16:17:07,4.8,3600.0,52.6081277,1.5416227,-5.6,-80.3,12.7,0.5,0.8
2024-11-26 16:17:08,6.618671875,1016.499833,76.52182831,726756,-163.7042898,-19.5,-118.0,-81.0,-20.0,2024-11-26 16:17:07,4.8,3600.0,52.6081277,1.5416227,-5.6,-80.3,12.7,0.5,0.8
2024-11-26 16:17:09,6.623554688,1016.504503,76.54343617,727531,-163.7431819,-19.0,-118.0,-83.0,-20.0,2024-11-26 16:17:08,4.8,3600.0,52.6081608,1.5416037,-5.6,-80.3,12.7,0.5,0.8
2024-11-26 16:17:10,6.615351563,1016.501139,76.55620555,725983,-163.7151673,-19.0,-118.0,-83.0,-20.0,2024-11-26 16:17:09,5.0,3800.0,52.6081944,1.5415847,3.7,-83.6,12.5,0.5,0.8
2024-11-26 16:17:11,6.615351563,1016.516415,76.57711902,726756,-163.8424084,-19.0,-118.0,-83.0,-20.0,2024-11-26 16:17:10,5.0,3800.0,52.6082262,1.5415655,3.7,-83.6,12.5,0.5,0.8
2024-11-26 16:17:12,6.618085938,1016.526023,76.59145318,726756,-163.9224363,-19.0,-118.0,-83.0,-20.0,2024-11-26 16:17:11,5.0,3800.0,52.6082395,1.54156,3.7,-83.6,12.5,0.5,0.8
2024-11-26 16:17:12,6.628828125,1016.542066,76.62785137,725212,-164.0560692,-19.0,-118.0,-83.0,-20.0,2024-11-26 16:17:12,5.1,3900.0,52.608296,1.5415624,12.9,-85.4,12.5,0.5,0.8
2024-11-26 16:17:13,6.63078125,1016.536805,76.64905101,726756,-164.012247,-19.0,-118.0,-83.0,-20.0,2024-11-26 16:17:13,5.1,3900.0,52.6083104,1.5415643,12.9,-85.4,12.5,0.5,0.8
2024-11-26 16:17:14,6.631757813,1016.531628,76.66313868,725983,-163.9691287,-16.0,-110.0,-77.0,-8.0,2024-11-26 16:17:13,5.1,3900.0,52.6083104,1.5415643,12.9,-85.4,12.5,0.5,0.8
2024-11-26 16:17:15,6.633515625,1016.536229,76.67733902,729085,-164.0074471,-16.0,-110.0,-77.0,-8.0,2024-11-26 16:17:14,5.1,3900.0,52.6083671,1.5415736,22.9,-84.5,12.4,0.5,0.8
2024-11-26 16:17:16,6.637421875,1016.532496,76.69882293,726756,-163.9763528,-19.5,-116.0,-79.0,-19.0,2024-11-26 16:17:15,5.1,3900.0,52.6084026,1.5415789,22.9,-84.5,12.4,0.5,0.8
2024-11-26 16:17:17,6.636054688,1016.533632,76.71257842,725212,-163.9858221,-14.0,-111.0,-79.0,-8.0,2024-11-26 16:17:16,5.1,3900.0,52.6084167,1.5415813,22.9,-84.5,12.4,0.5,0.8
2024-11-26 16:17:18,6.630390625,1016.556528,76.7257198,725983,-164.1765275,-14.0,-111.0,-79.0,-8.0,2024-11-26 16:17:17,5.1,3900.0,52.6084732,1.5415918,22.9,-84.5,12.4,0.5,0.8
2024-11-26 16:17:19,6.622773438,1016.560921,76.731606,723674,-164.2131206,-19.5,-116.0,-83.0,-20.0,2024-11-26 16:17:18,5.1,3900.0,52.608494,1.5415944,22.9,-84.5,12.4,0.5,0.8
2024-11-26 16:17:19,6.62921875,1016.566474,76.75345843,724442,-164.2593706,-19.5,-112.0,-81.0,-19.0,2024-11-26 16:17:18,5.1,3900.0,52.608494,1.5415944,22.9,-84.5,12.4,0.5,0.8
2024-11-26 16:17:20,6.626289063,1016.568425,76.75303908,725212,-164.2756196,-19.5,-140.0,-111.0,-20.0,2024-11-26 16:17:19,5.0,3800.0,52.6085331,1.5415974,41.6,-82.8,12.6,0.5,0.8
2024-11-26 16:17:21,6.635078125,1016.564269,76.78220718,724442,-164.2410089,-19.5,-140.0,-111.0,-20.0,2024-11-26 16:17:20,5.0,3800.0,52.6085471,1.5416067,41.6,-82.8,12.6,0.5,0.8
2024-11-26 16:17:22,6.631757813,1016.553694,76.795688,722908,-164.1529213,-19.5,-140.0,-111.0,-20.0,2024-11-26 16:17:21,5.0,3800.0,52.6085812,1.5416579,41.6,-82.8,12.6,0.5,0.8
2024-11-26 16:17:23,6.624335938,1016.571988,76.80160364,723674,-164.3053019,-15.0,-112.0,-83.0,-5.0,2024-11-26 16:17:22,5.1,3900.0,52.6085971,1.541682,48.4,-77.7,12.4,0.5,0.8
2024-11-26 16:17:24,6.6221875,1016.590505,76.80827459,721380,-164.4595323,-15.0,-112.0,-83.0,-5.0,2024-11-26 16:17:23,5.1,3900.0,52.6086233,1.5417247,48.4,-77.7,12.4,0.5,0.8
2024-11-26 16:17:25,6.623554688,1016.594461,76.8224282,718344,-164.4924768,-15.0,-112.0,-83.0,-5.0,2024-11-26 16:17:24,5.0,3800.0,52.608661,1.5417849,55.8,-70.6,12.5,0.5,0.8
2024-11-26 16:17:26,6.6253125,1016.597364,76.83663867,721380,-164.5166578,-19.5,-114.0,-77.0,-16.0,2024-11-26 16:17:24,5.0,3800.0,52.608661,1.5417849,55.8,-70.6,12.5,0.5,0.8
2024-11-26 16:17:27,6.625703125,1016.592917,76.85065422,721380,-164.4796197,-19.5,-114.0,-77.0,-16.0,2024-11-26 16:17:25,5.0,3800.0,52.6086765,1.5418087,55.8,-70.6,12.5,0.5,0.8
2024-11-26 16:17:27,6.624140625,1016.57506,76.85741049,723674,-164.33089,-19.5,-114.0,-77.0,-16.0,2024-11-26 16:17:26,5.0,3800.0,52.608702,1.5418454,55.8,-70.6,12.5,0.5,0.8
2024-11-26 16:17:28,6.626289063,1016.573517,76.86469863,722143,-164.318032,-19.5,-114.0,-77.0,-16.0,2024-11-26 16:17:27,4.9,3700.0,52.6087381,1.541899,63.0,-64.1,12.6,0.5,0.8
2024-11-26 16:17:29,6.625703125,1016.567457,76.885557,722143,-164.2675594,-19.5,-114.0,-77.0,-16.0,2024-11-26 16:17:28,4.9,3700.0,52.6087541,1.5419225,63.0,-64.1,12.6,0.5,0.8
2024-11-26 16:17:30,6.626679688,1016.567373,76.88569694,721380,-164.2668556,-19.5,-114.0,-77.0,-16.0,2024-11-26 16:17:29,5.0,3700.0,52.608791,1.5419782,70.5,-57.3,12.6,0.5,0.8
2024-11-26 16:17:31,6.624140625,1016.573363,76.8853331,722908,-164.3167526,-19.5,-114.0,-77.0,-16.0,2024-11-26 16:17:29,5.0,3700.0,52.608791,1.5419782,70.5,-57.3,12.6,0.5,0.9
2024-11-26 16:17:32,6.625117188,1016.580068,76.89245424,721380,-164.3725985,-19.5,-114.0,-77.0,-16.0,2024-11-26 16:17:30,5.0,3700.0,52.6088122,1.5420111,70.5,-57.3,12.6,0.5,0.8
2024-11-26 16:17:33,6.618476563,1016.586074,76.88452151,721380,-164.4226207,-19.5,-114.0,-77.0,-16.0,2024-11-26 16:17:31,5.0,3700.0,52.6088211,1.5420249,70.5,-57.3,12.6,0.5,0.9
2024-11-26 16:17:34,6.625117188,1016.574976,76.89943565,720619,-164.3301864,-19.5,-114.0,-77.0,-16.0,2024-11-26 16:17:32,5.0,3800.0,52.608831,1.5420408,75.0,-53.1,12.5,0.5,0.9
2024-11-26 16:17:34,6.632929688,1016.575997,76.91451899,719101,-164.3386938,-19.5,-114.0,-77.0,-16.0,2024-11-26 16:17:33,5.0,3800.0,52.6088272,1.5420617,75.0,-53.1,12.5,0.5,0.9
2024-11-26 16:17:35,6.629414063,1016.571888,76.92099715,719101,-164.30447,-13.0,-107.0,-79.0,-5.0,2024-11-26 16:17:34,5.1,3800.0,52.608823,1.5420719,73.8,-50.3,12.5,0.5,0.9
2024-11-26 16:17:36,6.62375,1016.560837,76.92716751,721380,-164.2124168,-19.5,-115.0,-83.0,-15.0,2024-11-26 16:17:35,5.1,3800.0,52.6087961,1.5421214,73.8,-50.3,12.5,0.5,0.8
2024-11-26 16:17:37,6.636445313,1016.551251,76.94295294,720619,-164.1325755,-19.5,-115.0,-83.0,-15.0,2024-11-26 16:17:35,5.1,3800.0,52.6087961,1.5421214,73.8,-50.3,12.5,0.5,0.8
2024-11-26 16:17:38,6.64875,1016.541019,76.9377346,721380,-164.0473512,-19.5,-115.0,-83.0,-15.0,2024-11-26 16:17:36,5.1,3800.0,52.608771,1.5421608,73.8,-50.3,12.5,0.5,0.8
2024-11-26 16:17:39,6.66125,1016.534504,76.95349374,721380,-163.9930813,-19.5,-115.0,-83.0,-15.0,2024-11-26 16:17:37,5.0,3700.0,52.6087556,1.5421839,67.1,-43.8,12.6,0.5,0.8
2024-11-26 16:17:40,6.664179688,1016.52746,76.93296486,721380,-163.9344097,-14.0,-109.0,-79.0,-5.0,2024-11-26 16:17:39,4.9,3700.0,52.6086865,1.5422811,59.7,-37.2,12.7,0.5,0.8
2024-11-26 16:17:41,6.666132813,1016.532383,76.94022788,720619,-163.9754146,-14.0,-109.0,-79.0,-5.0,2024-11-26 16:17:40,4.9,3700.0,52.6086757,1.5422957,59.7,-37.2,12.7,0.5,0.8
2024-11-26 16:17:42,6.66671875,1016.536746,76.92634643,720619,-164.011752,-19.0,-113.0,-77.0,-15.0,2024-11-26 16:17:41,4.9,3700.0,52.6086496,1.5423332,59.7,-37.2,12.7,0.5,0.8
2024-11-26 16:17:42,6.661054688,1016.534181,76.92553402,722908,-163.9903947,-19.0,-113.0,-77.0,-15.0,2024-11-26 16:17:41,4.9,3700.0,52.6086496,1.5423332,59.7,-37.2,12.7,0.5,0.8
2024-11-26 16:17:43,6.6534375,1016.531787,76.91745928,722143,-163.9704471,-19.0,-113.0,-77.0,-15.0,2024-11-26 16:17:42,4.9,3700.0,52.6086242,1.5423716,52.4,-30.8,12.7,0.5,0.8
2024-11-26 16:17:44,6.648945313,1016.53625,76.90983308,722908,-164.0076229,-10.0,-96.0,-69.0,-4.0,2024-11-26 16:17:43,4.9,3700.0,52.6085839,1.5424344,52.4,-30.8,12.7,0.5,0.8
2024-11-26 16:17:45,6.641132813,1016.540322,76.89474967,720619,-164.0415381,-10.0,-96.0,-69.0,-4.0,2024-11-26 16:17:44,5.0,3800.0,52.6085737,1.5424506,45.3,-24.2,12.5,0.5,0.8
2024-11-26 16:17:46,6.642109375,1016.533447,76.8879083,722143,-163.9842807,-10.0,-96.0,-69.0,-4.0,2024-11-26 16:17:45,5.0,3800.0,52.608548,1.5424908,45.3,-24.2,12.5,0.5,0.8
2024-11-26 16:17:47,6.644257813,1016.531903,76.88123511,721380,-163.9714194,-19.5,-112.0,-79.0,-15.0,2024-11-26 16:17:46,5.0,3800.0,52.608521,1.5425299,45.3,-24.2,12.5,0.5,0.8
2024-11-26 16:17:48,6.650898438,1016.537778,76.88218698,722908,-164.0203512,-12.0,-103.0,-73.0,-4.0,2024-11-26 16:17:47,5.0,3800.0,52.6084935,1.5425684,38.0,-17.5,12.5,0.5,0.8
2024-11-26 16:17:49,6.6503125,1016.552087,76.87512199,722143,-164.1395358,-12.0,-103.0,-73.0,-4.0,2024-11-26 16:17:47,5.0,3800.0,52.6084935,1.5425684,38.0,-17.5,12.5,0.5,0.8
2024-11-26 16:17:50,6.650507813,1016.565988,76.86816922,722908,-164.2553276,-12.0,-103.0,-73.0,-4.0,2024-11-26 16:17:48,5.0,3800.0,52.6084664,1.5426087,38.0,-17.5,12.5,0.5,0.8
2024-11-26 16:17:50,6.6534375,1016.594591,76.86858914,722908,-164.493559,-12.0,-103.0,-73.0,-4.0,2024-11-26 16:17:49,5.0,3700.0,52.6084405,1.5426512,30.5,-10.6,12.6,0.5,0.8
2024-11-26 16:17:51,6.644257813,1016.642233,76.86029295,720619,-164.8903696,-12.0,-103.0,-73.0,-4.0,2024-11-26 16:17:50,5.0,3700.0,52.6084151,1.5426934,30.5,-10.6,12.6,0.5,0.8
2024-11-26 16:17:52,6.638007813,1016.694713,76.86637777,721380,-165.3274529,-12.0,-103.0,-73.0,-4.0,2024-11-26 16:17:51,5.0,3700.0,52.6083889,1.5427332,30.5,-10.6,12.6,0.5,0.8
2024-11-26 16:17:53,6.635859375,1016.759059,76.85210927,722908,-165.8633389,-12.0,-103.0,-73.0,-4.0,2024-11-26 16:17:52,5.0,3800.0,52.6083618,1.542771,23.2,-3.8,12.5,0.5,0.8
2024-11-26 16:17:54,6.619648438,1016.822239,76.84280704,723674,-166.3894913,-12.0,-103.0,-73.0,-4.0,2024-11-26 16:17:52,5.0,3800.0,52.6083618,1.542771,23.2,-3.8,12.5,0.5,0.8
2024-11-26 16:17:55,6.610273438,1016.896709,76.84146435,723674,-167.0096258,-12.0,-103.0,-73.0,-4.0,2024-11-26 16:17:53,5.0,3800.0,52.6083188,1.5428347,23.2,-3.8,12.5,0.5,0.8
2024-11-26 16:17:56,6.585078125,1016.96201,76.82389842,723674,-167.5533769,-12.0,-103.0,-73.0,-4.0,2024-11-26 16:17:54,5.0,3800.0,52.6083081,1.5428512,15.8,3.0,12.6,0.5,0.8
2024-11-26 16:17:57,6.569648438,1017.028165,76.81471143,723674,-168.104212,-12.0,-103.0,-73.0,-4.0,2024-11-26 16:17:55,5.0,3800.0,52.6082821,1.5428915,15.8,3.0,12.6,0.5,0.8
2024-11-26 16:17:58,6.548359375,1017.067661,76.81166574,722143,-168.4330642,-7.0,-105.0,-81.0,4.0,2024-11-26 16:17:56,5.0,3800.0,52.608254,1.5429359,15.8,3.0,12.6,0.5,0.8
2024-11-26 16:17:58,6.534296875,1017.107216,76.80267624,725212,-168.7623912,-7.0,-105.0,-81.0,4.0,2024-11-26 16:17:57,5.0,3800.0,52.608245,1.5429501,10.6,8.0,12.5,0.5,0.8
2024-11-26 16:17:59,6.523554688,1017.136982,76.81509678,722143,-169.0102105,-7.0,-105.0,-81.0,4.0,2024-11-26 16:17:58,5.0,3800.0,52.6082427,1.5429536,10.6,8.0,12.5,0.5,0.8
